Workbook
Name _Toc184524643: Header!#REF!
Name a: #REF!
Name a: #REF!
Name a: #REF!
Name a: #REF!
Name a: #REF!
Name Client: #REF!
Name Client: #REF!
Name Client: #REF!
Name Client: #REF!
Name Client: 'PL-3-26 to 2-26'!$Q$2
Name Client: 'PL-3-26 to 4-35'!$Q$2
Name Client: 'Verifications-3-26 to 2-26'!$V$2
Name Client: 'Verifications-3-26 to 4-35'!$Q$2
Name Client: #REF!
Name Client1: #REF!
Name Client1: #REF!
Name Client1: #REF!
Name Client1: #REF!
Name Client1: #REF!
Name Location: #REF!
Name Location: #REF!
Name Location: #REF!
Name Location: #REF!
Name Location: 'PL-3-26 to 2-26'!$Q$3
Name Location: 'PL-3-26 to 4-35'!$Q$3
Name Location: 'Verifications-3-26 to 2-26'!$V$3
Name Location: 'Verifications-3-26 to 4-35'!$Q$3
Name Location: #REF!
Name Location1: #REF!
Name Location1: #REF!
Name Location1: #REF!
Name Location1: #REF!
Name Location1: #REF!
Name PipelineName: #REF!
Name PipelineName: #REF!
Name PipelineName: #REF!
Name PipelineName: #REF!
Name PipelineName: 'PL-3-26 to 2-26'!$C$3
Name PipelineName: 'PL-3-26 to 4-35'!$C$3
Name PipelineName: 'Verifications-3-26 to 2-26'!$C$3
Name PipelineName: 'Verifications-3-26 to 4-35'!$C$3
Name PipelineName: #REF!
Name PipelineName1: #REF!
Name PipelineName1: #REF!
Name PipelineName1: #REF!
Name PipelineName1: #REF!
Name PipelineName1: #REF!
Name PrintDate: #REF!
Name PrintDate: #REF!
Name PrintDate: #REF!
Name PrintDate: #REF!
Name PrintDate: 'PL-3-26 to 2-26'!$Q$4
Name PrintDate: 'PL-3-26 to 4-35'!$Q$4
Name PrintDate: 'Verifications-3-26 to 2-26'!$V$4
Name PrintDate: 'Verifications-3-26 to 4-35'!$Q$4
Name PrintDate: #REF!
Name PrintDate1: #REF!
Name PrintDate1: #REF!
Name PrintDate1: #REF!

Sheet Header
B1: Tethered Inspection Final Report
B3: Company | C3: ARC Resources | G3: Onstream Reference | H3: 180728-RL-T6A-A
B4: Line Name | C4: 4-35-68-25W5 to 2-26-68-25W5 | G4: Run Date | H4: 43310
B5: Location | C5: Valleyview , AB | G5: Onstream Field Sup. | H5: Rod Lussier
B6: License Number | C6: 28312-6 | G6: Diameter | H6: 168.3 mm
B7: Line Segment A | C7: 3-26-68-25W5 to 4-35-68-25W5 | G7: Pipeline Product | H7: Natural Gas
B8: Line Segment B | C8: 3-26-68-25W5 to 2-26-68-25W5 | G8: Wall Thickness | H8: 3.96 mm
B9: Line Segment C | C9: N/A | G9: Pipe Grade | H9: 290.1 MPa
B10: Field Name | C10: N/A | G10: Year of Construction | H10: XXXX
B11: Office Contact | C11: Norm Rief | G11: MOP | H11: 9930 kPa
B12: Inspector | C12: Norm Rief | G12: Analyst | H12: Ben Du/Warren Matthie /Keith Walters
B16: Inspection Summary
B18: Total Girth Welds | C18: 153 | G18: B31G Criteria | H18: Modified
B19: Total Valves | C19: 0 | G19: Interaction Rule | H19: 3t x 3t
B20: Total Metal Gains | C20: 1 | G20: Design Factor | H20: 1
B21: Total Casings | C21: 0 | G21: Largest Wall Loss(%) | H21: 0.8
B22: Total Tees/Tie-ins | C22: 0 | G22: Total ML Features | H22: 212
B23: Total Repairs | C23: 0 | G23: Total Clusters | H23: 8
B24: Length | C24: 2.772 km | G24: Total Effecting MOP | H24: 0
C26: The Google Earth Maps in this report are images supplied from Google Earth. They are a best effort to map
C27: the pipeline right of way. They should not be used for accurate pipeline measurements.
B29: Notes: | C29: Analysis of the inspection data has reported a total of 212 metal loss features with the deepest predicted wall loss sized at 80%. A 3t x 3t (t = wall thickness) defect interaction rule has been applied to the metal loss features for the purpose of Modified B31G failure pressure calculations. None of the metal loss or metal loss cluster feature's predicted failure pressure affects the current MAOP of the pipeline. Indications of metal loss features have been identified in close proximity to the girth welds. A comment stating “Associated with the Girth Weld” has been added to the Notes column to identify these indications. Due to the proximity of these metal loss indications to the girth weld, the features magnetic signature and sizing can potentially be affected.
C38: Onstream can pit gauge verify the metal losses from verification digs on a limited basis. The verification of the pipeline samples does not include cutting, cleaning or coating removal of the samples. Onstream does not have the facilities, equipment or personnel to safely prepare the pipe for verification. If the pipeline samples are not properly prepared Onstream will send the pipe samples to a third party vendor which will incur additional costs to client and delays in report production. We also request the samples be sent in reasonable lengths, no longer than 2.0 meters and only the sections of pipe that have measurable metal losses need be provided. If you wish to send us pipe for verification please contact us prior to shipping so we may provide information on the pipe required, pipe preparation procedures and any charges which may be apply. If laser scanning of the features to determine pit depths and dimensions is required, additional costs to the client will be charged.
C42: This report has been specifically prepared for ARC Resources . Information provided in this report represents Onstream Pipeline Inspection Services’ (Onstream) interpretation of the pipeline inspection data gathered and shall not be construed as a warranty or Guarantee of the structural condition of the pipeline. Judgements concerning pipe condition and fitness for service are left entirely to ARC Resources . This report is strictly confidential and is to be used exclusively by ARC Resources . Under no circumstances should this report or information contained therein be distributed, reprinted or reproduced in any form without the written consent

Sheet PL-3-26 to 4-35
A1: Pipeline Listing
A2: Project No: | C2: 180728-RL-T6A-A | H2: Client: | I2: ARC Resources
A3: Pipeline Name: | C3: 4-35-68-25W5 to 2-26-68-25W5 | H3: Location: | I3: ValleyviewAB / Ante Creek (3-26-68-25W5 B/H to 4-35-68-25W5 Riser) | AE3: Imported: | AF3: P:\Data\ARC Resources\2018\Valleyview\180729-RL-T6A- 3-26 to 4-35 (28312-6)\180729-RL-T6A -A- 3-26 to 4-35\Documents\Re-Grade\180729-RL-T6A-A_PipelineListing.csv
A4: Run Date: | C4: 43310 | H4: Pipeline Segment: | I4: 3-26-68-25W5 to 4-35-68-25W5_Lic_28312-6 | Y4: Features: | Z4: 125
Y5: Joints: | Z5: 100
A6: Joint Number | B6: Feature Number | C6: Cluster Number | D6: Feature Type | E6: Distance (m) | F6: Joint Length (m) | G6: Dist to US Girth Weld (m) | H6: Dist to DS Girth Weld (m) | I6: Length (mm) | J6: Width (mm) | K6: Depth (%) | L6: Depth Measured (%) | M6: Depth Measured (mm) | N6: Difference Pred.-Meas. (%) | O6: Length Measured (mm) | P6: Width Measured (mm) | Q6: Int/Ext | R6: Estimated Repair Factor (ERF) | S6: Burst Pressure (kPa) | T6: Wall Thick (mm) | U6: Clock Position (hrs:min) | V6: % of OD Restriction | W6: Latitude (Dec Deg.) | X6: Longitude (Dec Deg.) | Y6: Elevation (m) | Z6: US Girth Weld to US Marker (m) | AA6: US Girth Weld to DS Marker (m) | AB6: Notes
A7: 1 | D7: Joint | E7: 0 | F7: 15.426 | T7: 3.96 | Z7: 0 | AA7: 799.962
A8: 1 | B8: 1 | D8: Flange | E8: 0 | F8: 15.426 | G8: 0 | H8: 15.426 | T8: 3.96 | W8: 54.911552 | X8: 117.70618 | Y8: 0 | Z8: 0 | AA8: 799.962 | AB8: Launch @ 3-26 to 4-35
A9: 1 | B9: 2 | D9: Other Installation | E9: 1.536 | F9: 15.426 | G9: 1.536 | H9: 13.89 | T9: 3.96 | Z9: 0 | AA9: 799.962 | AB9: Temporary Magnet at 12: 00
A10: 2 | D10: Joint | E10: 15.426 | F10: 7.714 | T10: 3.96 | Z10: 15.426 | AA10: 784.535
A11: 3 | D11: Joint | E11: 23.14 | F11: 16.252 | T11: 3.96 | Z11: 23.14 | AA11: 776.822
A12: 4 | D12: Joint | E12: 39.392 | F12: 18.894 | T12: 3.96 | Z12: 39.392 | AA12: 760.569
A13: 5 | D13: Joint | E13: 58.286 | F13: 18.884 | T13: 3.96 | Z13: 58.286 | AA13: 741.676
A14: 5 | B14: 3 | D14: Metal Loss | E14: 61.988 | F14: 18.884 | G14: 3.702 | H14: 15.182 | I14: 8 | J14: 10 | K14: 0.31 | L14: 0 | Q14: Internal | R14: 0.594 | S14: 16723.9 | T14: 3.96 | U14: 0.2375 | Z14: 58.286 | AA14: 741.676
A15: 5 | B15: 4 | D15: Metal Loss | E15: 62.092 | F15: 18.884 | G15: 3.806 | H15: 15.078 | I15: 14 | J15: 10 | K15: 0.32 | L15: 0 | Q15: Internal | R15: 0.606 | S15: 16399.6 | T15: 3.96 | U15: 0.2375 | Z15: 58.286 | AA15: 741.676
A16: 5 | B16: 5 | D16: Metal Loss | E16: 65.226 | F16: 18.884 | G16: 6.94 | H16: 11.944 | I16: 10 | J16: 10 | K16: 0.32 | L16: 0 | Q16: Internal | R16: 0.597 | S16: 16623.3 | T16: 3.96 | U16: 0.21527778 | Z16: 58.286 | AA16: 741.676
A17: 5 | B17: 6 | C17: 7 | D17: Metal Loss | E17: 73.739 | F17: 18.884 | G17: 15.453 | H17: 3.431 | I17: 8 | J17: 8 | K17: 0.34 | L17: 0 | Q17: Internal | R17: 0.595 | S17: 16700.7 | T17: 3.96 | U17: 0.20902778 | Z17: 58.286 | AA17: 741.676
A18: 5 | B18: 7 | D18: Cluster | E18: 73.748 | F18: 18.884 | G18: 15.462 | H18: 3.422 | I18: 25.9 | J18: 10.8612 | K18: 0.42 | L18: 0 | Q18: Internal | R18: 0.658 | S18: 15084.8 | T18: 3.96 | U18: 0.20763889 | Z18: 58.286 | AA18: 741.676
A19: 5 | B19: 8 | C19: 7 | D19: Metal Loss | E19: 73.757 | F19: 18.884 | G19: 15.471 | H19: 3.413 | I19: 8 | J19: 10 | K19: 0.42 | L19: 0 | Q19: Internal | R19: 0.597 | S19: 16630.3 | T19: 3.96 | U19: 0.20694444 | Z19: 58.286 | AA19: 741.676
A20: 6 | D20: Joint | E20: 77.17 | F20: 18.886 | T20: 3.96 | Z20: 77.17 | AA20: 722.792
A21: 7 | D21: Joint | E21: 96.056 | F21: 18.892 | T21: 3.96 | Z21: 96.056 | AA21: 703.905
A22: 8 | D22: Joint | E22: 114.948 | F22: 18.878 | T22: 3.96 | Z22: 114.948 | AA22: 685.014
A23: 9 | D23: Joint | E23: 133.826 | F23: 18.92 | T23: 3.96 | Z23: 133.826 | AA23: 666.135
A24: 9 | B24: 9 | D24: Metal Loss | E24: 136.544 | F24: 18.92 | G24: 2.718 | H24: 16.202 | I24: 4 | J24: 8 | K24: 0.39 | L24: 0 | Q24: Internal | R24: 0.59 | S24: 16834.2 | T24: 3.96 | U24: 0.38125 | Z24: 133.826 | AA24: 666.135
A25: 9 | B25: 10 | D25: Metal Loss | E25: 136.772 | F25: 18.92 | G25: 2.946 | H25: 15.974 | I25: 8 | J25: 6 | K25: 0.27 | L25: 0 | Q25: Internal | R25: 0.593 | S25: 16752.6 | T25: 3.96 | U25: 0.36111111 | Z25: 133.826 | AA25: 666.135
A26: 9 | B26: 11 | D26: Metal Loss | E26: 136.947 | F26: 18.92 | G26: 3.121 | H26: 15.799 | I26: 10 | J26: 8 | K26: 0.25 | L26: 0 | Q26: Internal | R26: 0.595 | S26: 16698.3 | T26: 3.96 | U26: 0.37291667 | Z26: 133.826 | AA26: 666.135
A27: 9 | B27: 12 | D27: Metal Loss | E27: 137.011 | F27: 18.92 | G27: 3.185 | H27: 15.735 | I27: 4 | J27: 7 | K27: 0.46 | L27: 0 | Q27: Internal | R27: 0.591 | S27: 16816 | T27: 3.96 | U27: 0.33819444 | Z27: 133.826 | AA27: 666.135
A28: 9 | B28: 13 | D28: Metal Loss | E28: 137.305 | F28: 18.92 | G28: 3.479 | H28: 15.44 | I28: 8 | J28: 10 | K28: 0.33 | L28: 0 | Q28: Internal | R28: 0.594 | S28: 16708.6 | T28: 3.96 | U28: 0.37708333 | Z28: 133.826 | AA28: 666.135
A29: 9 | B29: 14 | D29: Metal Loss | E29: 137.864 | F29: 18.92 | G29: 4.038 | H29: 14.881 | I29: 8 | J29: 10 | K29: 0.27 | L29: 0 | Q29: Internal | R29: 0.593 | S29: 16752.6 | T29: 3.96 | U29: 0.39375 | Z29: 133.826 | AA29: 666.135
A30: 9 | B30: 15 | D30: Metal Loss | E30: 139.209 | F30: 18.92 | G30: 5.383 | H30: 13.536 | I30: 10 | J30: 10 | K30: 0.29 | L30: 0 | Q30: Internal | R30: 0.596 | S30: 16656.8 | T30: 3.96 | U30: 0.16111111 | Z30: 133.826 | AA30: 666.135
A31: 9 | B31: 16 | D31: Metal Loss | E31: 139.386 | F31: 18.92 | G31: 5.56 | H31: 13.36 | I31: 16 | J31: 13 | K31: 0.27 | L31: 0 | Q31: Internal | R31: 0.606 | S31: 16397.4 | T31: 3.96 | U31: 0.24861111 | Z31: 133.826 | AA31: 666.135
A32: 9 | B32: 17 | C32: 18 | D32: Metal Loss | E32: 140.035 | F32: 18.92 | G32: 6.209 | H32: 12.711 | I32: 8 | J32: 10 | K32: 0.25 | L32: 0 | Q32: Internal | R32: 0.592 | S32: 16766 | T32: 3.96 | U32: 0.18611111 | Z32: 133.826 | AA32: 666.135
A33: 9 | B33: 18 | D33: Cluster | E33: 140.045 | F33: 18.92 | G33: 6.219 | H33: 12.701 | I33: 27.1 | J33: 13.2142 | K33: 0.27 | L33: 0 | Q33: Internal | R33: 0.628 | S33: 15812.3 | T33: 3.96 | U33: 0.18819444 | Z33: 133.826 | AA33: 666.135
A34: 9 | B34: 19 | C34: 18 | D34: Metal Loss | E34: 140.053 | F34: 18.92 | G34: 6.227 | H34: 12.693 | I34: 10 | J34: 8 | K34: 0.27 | L34: 0 | Q34: Internal | R34: 0.595 | S34: 16678 | T34: 3.96 | U34: 0.19027778 | Z34: 133.826 | AA34: 666.135
A35: 9 | B35: 20 | D35: Metal Loss | E35: 140.336 | F35: 18.92 | G35: 6.51 | H35: 12.41 | I35: 8 | J35: 8 | K35: 0.26 | L35: 0 | Q35: Internal | R35: 0.593 | S35: 16759.3 | T35: 3.96 | U35: 0.18263889 | Z35: 133.826 | AA35: 666.135
A36: 9 | B36: 21 | D36: Metal Loss | E36: 140.745 | F36: 18.92 | G36: 6.919 | H36: 12.001 | I36: 8 | J36: 10 | K36: 0.33 | L36: 0 | Q36: Internal | R36: 0.594 | S36: 16708.6 | T36: 3.96 | U36: 0.17847222 | Z36: 133.826 | AA36: 666.135
A37: 9 | B37: 22 | D37: Metal Loss | E37: 141.005 | F37: 18.92 | G37: 7.179 | H37: 11.741 | I37: 12 | J37: 10 | K37: 0.26 | L37: 0 | Q37: Internal | R37: 0.598 | S37: 16606.5 | T37: 3.96 | U37: 0.17847222 | Z37: 133.826 | AA37: 666.135
A38: 9 | B38: 23 | D38: Metal Loss | E38: 141.172 | F38: 18.92 | G38: 7.346 | H38: 11.574 | I38: 8 | J38: 8 | K38: 0.22 | L38: 0 | Q38: Internal | R38: 0.592 | S38: 16785.1 | T38: 3.96 | U38: 0.18263889 | Z38: 133.826 | AA38: 666.135
A39: 9 | B39: 24 | D39: Metal Loss | E39: 141.23 | F39: 18.92 | G39: 7.404 | H39: 11.516 | I39: 8 | J39: 10 | K39: 0.25 | L39: 0 | Q39: Internal | R39: 0.592 | S39: 16766 | T39: 3.96 | U39: 0.18680556 | Z39: 133.826 | AA39: 666.135
A40: 9 | B40: 25 | D40: Metal Loss | E40: 141.28 | F40: 18.92 | G40: 7.454 | H40: 11.466 | I40: 8 | J40: 8 | K40: 0.33 | L40: 0 | Q40: Internal | R40: 0.594 | S40: 16708.6 | T40: 3.96 | U40: 0.19097222 | Z40: 133.826 | AA40: 666.135
A41: 9 | B41: 26 | D41: Metal Loss | E41: 141.444 | F41: 18.92 | G41: 7.618 | H41: 11.302 | I41: 10 | J41: 10 | K41: 0.26 | L41: 0 | Q41: Internal | R41: 0.595 | S41: 16688.2 | T41: 3.96 | U41: 0.17847222 | Z41: 133.826 | AA41: 666.135
A42: 9 | B42: 27 | D42: Metal Loss | E42: 143.41 | F42: 18.92 | G42: 9.584 | H42: 9.335 | I42: 20 | J42: 10 | K42: 0.35 | L42: 0 | Q42: Internal | R42: 0.624 | S42: 15904.1 | T42: 3.96 | U42: 0.21388889 | Z42: 133.826 | AA42: 666.135
A43: 9 | B43: 28 | D43: Metal Loss | E43: 143.512 | F43: 18.92 | G43: 9.686 | H43: 9.233 | I43: 4 | J43: 8 | K43: 0.39 | L43: 0 | Q43: Internal | R43: 0.59 | S43: 16834.2 | T43: 3.96 | U43: 0.20972222 | Z43: 133.826 | AA43: 666.135
A44: 9 | B44: 29 | D44: Metal Loss | E44: 143.601 | F44: 18.92 | G44: 9.775 | H44: 9.145 | I44: 14 | J44: 10 | K44: 0.31 | L44: 0 | Q44: Internal | R44: 0.605 | S44: 16420.1 | T44: 3.96 | U44: 0.21388889 | Z44: 133.826 | AA44: 666.135
A45: 10 | D45: Joint | E45: 152.746 | F45: 18.868 | T45: 3.96 | Z45: 152.746 | AA45: 647.216
A46: 11 | D46: Joint | E46: 171.614 | F46: 18.898 | T46: 3.96 | Z46: 171.614 | AA46: 628.347
A47: 11 | B47: 30 | D47: Metal Loss | E47: 187.775 | F47: 18.898 | G47: 16.161 | H47: 2.737 | I47: 22 | J47: 18 | K47: 0.25 | L47: 0 | Q47: Internal | R47: 0.615 | S47: 16152.5 | T47: 3.96 | U47: 0.54027778 | Z47: 171.614 | AA47: 628.347
A48: 11 | B48: 31 | D48: Metal Loss | E48: 187.872 | F48: 18.898 | G48: 16.258 | H48: 2.64 | I48: 38 | J48: 15 | K48: 0.23 | L48: 0 | Q48: Internal | R48: 0.637 | S48: 15583.1 | T48: 3.96 | U48: 0.53611111 | Z48: 171.614 | AA48: 628.347
A49: 11 | B49: 32 | D49: Metal Loss | E49: 187.944 | F49: 18.898 | G49: 16.329 | H49: 2.569 | I49: 54 | J49: 15 | K49: 0.31 | L49: 0 | Q49: Internal | R49: 0.688 | S49: 14425.4 | T49: 3.96 | U49: 0.53611111 | Z49: 171.614 | AA49: 628.347
A50: 11 | B50: 33 | D50: Metal Loss | E50: 188.004 | F50: 18.898 | G50: 16.39 | H50: 2.509 | I50: 8 | J50: 18 | K50: 0.24 | L50: 0 | Q50: Internal | R50: 0.592 | S50: 16772.5 | T50: 3.96 | U50: 0.53194444 | Z50: 171.614 | AA50: 628.347
A51: 11 | B51: 34 | D51: Metal Loss | E51: 188.07 | F51: 18.898 | G51: 16.456 | H51: 2.443 | I51: 14 | J51: 21 | K51: 0.24 | L51: 0 | Q51: Internal | R51: 0.6 | S51: 16552.4 | T51: 3.96 | U51: 0.044444444 | Z51: 171.614 | AA51: 628.347
A52: 11 | B52: 35 | D52: Metal Loss | E52: 188.137 | F52: 18.898 | G52: 16.523 | H52: 2.375 | I52: 10 | J52: 21 | K52: 0.23 | L52: 0 | Q52: Internal | R52: 0.594 | S52: 16717.8 | T52: 3.96 | U52: 0.044444444 | Z52: 171.614 | AA52: 628.347
A53: 11 | B53: 36 | D53: Metal Loss | E53: 188.209 | F53: 18.898 | G53: 16.595 | H53: 2.303 | I53: 6 | J53: 21 | K53: 0.27 | L53: 0 | Q53: Internal | R53: 0.591 | S53: 16813.6 | T53: 3.96 | U53: 0.052777778 | Z53: 171.614 | AA53: 628.347
A54: 11 | B54: 37 | D54: Metal Loss | E54: 188.287 | F54: 18.898 | G54: 16.673 | H54: 2.226 | I54: 10 | J54: 21 | K54: 0.28 | L54: 0 | Q54: Internal | R54: 0.596 | S54: 16667.5 | T54: 3.96 | U54: 0.052777778 | Z54: 171.614 | AA54: 628.347
A55: 11 | B55: 38 | C55: 39 | D55: Metal Loss | E55: 188.351 | F55: 18.898 | G55: 16.737 | H55: 2.162 | I55: 54 | J55: 27 | K55: 0.26 | L55: 0 | Q55: Internal | R55: 0.668 | S55: 14875.8 | T55: 3.96 | U55: 0.052777778 | Z55: 171.614 | AA55: 628.347
A56: 11 | B56: 39 | D56: Cluster | E56: 188.359 | F56: 18.898 | G56: 16.745 | H56: 2.153 | I56: 72 | J56: 32.1673 | K56: 0.26 | L56: 0 | Q56: Internal | R56: 0.684 | S56: 14508 | T56: 3.96 | U56: 0.055555556 | Z56: 171.614 | AA56: 628.347
A57: 11 | B57: 40 | C57: 39 | D57: Metal Loss | E57: 188.382 | F57: 18.898 | G57: 16.768 | H57: 2.131 | I57: 28 | J57: 29 | K57: 0.24 | L57: 0 | Q57: Internal | R57: 0.624 | S57: 15915.5 | T57: 3.96 | U57: 0.056944444 | Z57: 171.614 | AA57: 628.347
A58: 11 | B58: 41 | D58: Metal Loss | E58: 188.447 | F58: 18.898 | G58: 16.833 | H58: 2.065 | I58: 34 | J58: 27 | K58: 0.27 | L58: 0 | Q58: Internal | R58: 0.641 | S58: 15483.6 | T58: 3.96 | U58: 0.052777778 | Z58: 171.614 | AA58: 628.347
A59: 11 | B59: 42 | D59: Metal Loss | E59: 188.55 | F59: 18.898 | G59: 16.936 | H59: 1.962 | I59: 14 | J59: 21 | K59: 0.26 | L59: 0 | Q59: Internal | R59: 0.601 | S59: 16516.5 | T59: 3.96 | U59: 0.53611111 | Z59: 171.614 | AA59: 628.347
A60: 11 | B60: 43 | D60: Metal Loss | E60: 188.597 | F60: 18.898 | G60: 16.983 | H60: 1.916 | I60: 10 | J60: 21 | K60: 0.27 | L60: 0 | Q60: Internal | R60: 0.595 | S60: 16678 | T60: 3.96 | U60: 0.044444444 | Z60: 171.614 | AA60: 628.347
A61: 11 | B61: 44 | D61: Metal Loss | E61: 188.692 | F61: 18.898 | G61: 17.078 | H61: 1.821 | I61: 14 | J61: 29 | K61: 0.28 | L61: 0 | Q61: Internal | R61: 0.603 | S61: 16479 | T61: 3.96 | U61: 0.047916667 | Z61: 171.614 | AA61: 628.347
A62: 11 | B62: 45 | D62: Metal Loss | E62: 188.721 | F62: 18.898 | G62: 17.107 | H62: 1.792 | I62: 10 | J62: 27 | K62: 0.32 | L62: 0 | Q62: Internal | R62: 0.597 | S62: 16623.3 | T62: 3.96 | U62: 0.052083333 | Z62: 171.614 | AA62: 628.347
A63: 11 | B63: 46 | D63: Metal Loss | E63: 188.806 | F63: 18.898 | G63: 17.192 | H63: 1.706 | I63: 14 | J63: 24 | K63: 0.27 | L63: 0 | Q63: Internal | R63: 0.602 | S63: 16497.9 | T63: 3.96 | U63: 0.047916667 | Z63: 171.614 | AA63: 628.347
A64: 11 | B64: 47 | D64: Metal Loss | E64: 188.855 | F64: 18.898 | G64: 17.24 | H64: 1.658 | I64: 14 | J64: 29 | K64: 0.26 | L64: 0 | Q64: Internal | R64: 0.601 | S64: 16516.5 | T64: 3.96 | U64: 0.05625 | Z64: 171.614 | AA64: 628.347
A65: 11 | B65: 48 | D65: Metal Loss | E65: 188.905 | F65: 18.898 | G65: 17.291 | H65: 1.607 | I65: 12 | J65: 27 | K65: 0.29 | L65: 0 | Q65: Internal | R65: 0.6 | S65: 16563 | T65: 3.96 | U65: 0.052083333 | Z65: 171.614 | AA65: 628.347
A66: 11 | B66: 49 | D66: Metal Loss | E66: 188.986 | F66: 18.898 | G66: 17.372 | H66: 1.526 | I66: 6 | J66: 29 | K66: 0.37 | L66: 0 | Q66: Internal | R66: 0.592 | S66: 16769.2 | T66: 3.96 | U66: 0.05625 | Z66: 171.614 | AA66: 628.347
A67: 11 | B67: 50 | D67: Metal Loss | E67: 189.035 | F67: 18.898 | G67: 17.421 | H67: 1.478 | I67: 10 | J67: 29 | K67: 0.28 | L67: 0 | Q67: Internal | R67: 0.596 | S67: 16667.5 | T67: 3.96 | U67: 0.05625 | Z67: 171.614 | AA67: 628.347
A68: 11 | B68: 51 | D68: Metal Loss | E68: 189.11 | F68: 18.898 | G68: 17.496 | H68: 1.402 | I68: 32 | J68: 29 | K68: 0.25 | L68: 0 | Q68: Internal | R68: 0.633 | S68: 15689.7 | T68: 3.96 | U68: 0.05625 | Z68: 171.614 | AA68: 628.347
A69: 11 | B69: 52 | D69: Metal Loss | E69: 189.157 | F69: 18.898 | G69: 17.543 | H69: 1.355 | I69: 10 | J69: 29 | K69: 0.28 | L69: 0 | Q69: Internal | R69: 0.596 | S69: 16667.5 | T69: 3.96 | U69: 0.05625 | Z69: 171.614 | AA69: 628.347
... A76: 11 | B76: 59 | D76: Metal Loss | E76: 189.581 | F76: 18.898 | G76: 17.967 | H76: 0.931 | I76: 12 | J76: 24 | K76: 0.29 | L76: 0 | Q76: Internal | R76: 0.6 | S76: 16563 | T76: 3.96 | U76: 0.047916667 | Z76: 171.614 | AA76: 628.347
A77: 12 | D77: Joint | E77: 190.512 | F77: 18.856 | T77: 3.96 | Z77: 190.512 | AA77: 609.449
A78: 13 | D78: Joint | E78: 209.368 | F78: 18.884 | T78: 3.96 | Z78: 209.368 | AA78: 590.593
A79: 14 | D79: Joint | E79: 228.252 | F79: 18.866 | T79: 3.96 | Z79: 228.252 | AA79: 571.709
A80: 15 | D80: Joint | E80: 247.118 | F80: 18.892 | T80: 3.96 | Z80: 247.118 | AA80: 552.843
A81: 16 | D81: Joint | E81: 266.01 | F81: 18.832 | T81: 3.96 | Z81: 266.01 | AA81: 533.952
A82: 17 | D82: Joint | E82: 284.842 | F82: 18.944 | T82: 3.96 | Z82: 284.842 | AA82: 515.12
A83: 17 | B83: 60 | D83: Metal Loss | E83: 285.355 | F83: 18.944 | G83: 0.513 | H83: 18.431 | I83: 8 | J83: 8 | K83: 0.27 | L83: 0 | Q83: Internal | R83: 0.593 | S83: 16752.6 | T83: 3.96 | U83: 0.22291667 | Z83: 284.842 | AA83: 515.12
A84: 18 | D84: Joint | E84: 303.786 | F84: 16.692 | T84: 3.96 | Z84: 303.786 | AA84: 496.175
A85: 18 | B85: 61 | D85: Metal Loss | E85: 320.036 | F85: 16.692 | G85: 16.25 | H85: 0.442 | I85: 20 | J85: 13 | K85: 0.32 | L85: 0 | Q85: Internal | R85: 0.62 | S85: 16014.9 | T85: 3.96 | U85: 0.25277778 | Z85: 303.786 | AA85: 496.175
A86: 19 | D86: Joint | E86: 320.478 | F86: 18.986 | T86: 3.96 | Z86: 320.478 | AA86: 479.483
A87: 19 | B87: 62 | D87: Bend | E87: 327.471 | F87: 18.986 | G87: 6.993 | H87: 11.993 | I87: 8608.1 | L87: 0 | T87: 3.96 | Z87: 320.478 | AA87: 479.483 | AB87: 16 - Left (Field)
A88: 20 | D88: Joint | E88: 339.464 | F88: 16.214 | T88: 3.96 | Z88: 339.464 | AA88: 460.498
A89: 21 | D89: Joint | E89: 355.678 | F89: 17.184 | T89: 3.96 | Z89: 355.678 | AA89: 444.284
A90: 21 | B90: 63 | D90: Bend | E90: 362.085 | F90: 17.184 | G90: 6.407 | H90: 10.777 | I90: 6892.5 | L90: 0 | T90: 3.96 | Z90: 355.678 | AA90: 444.284 | AB90: 31 - Left (Field)
A91: 22 | D91: Joint | E91: 372.862 | F91: 3.402 | T91: 3.96 | Z91: 372.862 | AA91: 427.099
A92: 23 | D92: Joint | E92: 376.264 | F92: 18.6 | T92: 3.96 | Z92: 376.264 | AA92: 423.697
A93: 24 | D93: Joint | E93: 394.864 | F93: 18.956 | T93: 3.96 | Z93: 394.864 | AA93: 405.097
A94: 25 | D94: Joint | E94: 413.82 | F94: 18.939 | T94: 3.96 | Z94: 413.82 | AA94: 386.142
A95: 26 | D95: Joint | E95: 432.759 | F95: 18.891 | T95: 3.96 | Z95: 432.759 | AA95: 367.203
A96: 27 | D96: Joint | E96: 451.65 | F96: 18.922 | T96: 3.96 | Z96: 451.65 | AA96: 348.312
A97: 28 | D97: Joint | E97: 470.572 | F97: 18.88 | T97: 3.96 | Z97: 470.572 | AA97: 329.389
A98: 29 | D98: Joint | E98: 489.452 | F98: 18.914 | T98: 3.96 | Z98: 489.452 | AA98: 310.51
A99: 30 | D99: Joint | E99: 508.366 | F99: 18.858 | T99: 3.96 | Z99: 508.366 | AA99: 291.596
A100: 31 | D100: Joint | E100: 527.224 | F100: 18.932 | T100: 3.96 | Z100: 527.224 | AA100: 272.737
A101: 32 | D101: Joint | E101: 546.156 | F101: 18.89 | T101: 3.96 | Z101: 546.156 | AA101: 253.806
A102: 33 | D102: Joint | E102: 565.046 | F102: 18.924 | T102: 3.96 | Z102: 565.046 | AA102: 234.915
... A114: 45 | D114: Joint | E114: 785.722 | F114: 18.99 | T114: 3.96 | Z114: 785.722 | AA114: 14.24
A115: 45 | B115: 64 | D115: Above Ground Marker | E115: 799.962 | F115: 18.99 | G115: 14.24 | H115: 4.75 | L115: 0 | T115: 3.96 | W115: 54.9169 | X115: 117.71066 | Y115: 715 | Z115: 785.722 | AA115: 14.24 | AB115: (AGM7624 07/29/18 11:47:35 700ms)
A116: 46 | D116: Joint | E116: 804.712 | F116: 17.664 | T116: 3.96 | Z116: 4.75 | AA116: 963.552
A117: 47 | D117: Joint | E117: 822.376 | F117: 18.94 | T117: 3.96 | Z117: 22.414 | AA117: 945.888
...

Sheet Charts-3-26 to 4-35
B2: =Header!C7 -> 3-26-68-25W5 to 4-35-68-25W5

Sheet Verifications-3-26 to 4-35
A1: Verifications
A2: Project No: | C2: 180728-RL-T6A-A | H2: Client: | I2: ARC Resources
A3: Pipeline Name: | C3: 4-35-68-25W5 to 2-26-68-25W5 | H3: Location: | I3: ValleyviewAB / Ante Creek | AE3: Imported: | AF3: P:\Data\ARC Resources\2018\Valleyview\180729-RL-T6A- 3-26 to 4-35 (28312-6)\180729-RL-T6A -A- 3-26 to 4-35\Documents\Re-Grade\180729-RL-T6A-A_PipelineListing.csv
A4: Run Date: | C4: 43310 | H4: Pipeline Segment: | I4: 3-26-68-25W5 to 4-35-68-25W5_Lic_28312-6 | Y4: Features: | Z4: 125
Y5: Joints: | Z5: 100
A6: Joint Number | B6: Feature Number | C6: Cluster Number | D6: Feature Type | E6: Distance (m) | F6: Joint Length (m) | G6: Dist to US Girth Weld (m) | H6: Dist to DS Girth Weld (m) | I6: Length (mm) | J6: Width (mm) | K6: Depth (%) | L6: Depth Measured (%) | M6: Depth Measured (mm) | N6: Difference Pred.-Meas. (%) | O6: Length Measured (mm) | P6: Width Measured (mm) | Q6: Int/Ext | R6: Estimated Repair Factor (ERF) | S6: Burst Pressure (kPa) | T6: Wall Thick (mm) | U6: Clock Position (hrs:min) | V6: % of OD Restriction | W6: Latitude (Dec Deg.) | X6: Longitude (Dec Deg.) | Y6: Elevation (m) | Z6: US Girth Weld to US Marker (m) | AA6: US Girth Weld to DS Marker (m) | AB6: Notes
A7: 1 | D7: Joint | E7: 0 | F7: 15.426 | T7: 3.96 | Z7: 0 | AA7: 799.962
A8: 1 | B8: 1 | D8: Flange | E8: 0 | F8: 15.426 | G8: 0 | H8: 15.426 | T8: 3.96 | W8: 54.911552 | X8: 117.70618 | Y8: 0 | Z8: 0 | AA8: 799.962 | AB8: Launch @ 3-26 to 4-35
A9: 1 | B9: 2 | D9: Other Installation | E9: 1.536 | F9: 15.426 | G9: 1.536 | H9: 13.89 | T9: 3.96 | Z9: 0 | AA9: 799.962 | AB9: Temporary Magnet at 12: 00
A10: 2 | D10: Joint | E10: 15.426 | F10: 7.714 | T10: 3.96 | Z10: 15.426 | AA10: 784.535
A11: 3 | D11: Joint | E11: 23.14 | F11: 16.252 | T11: 3.96 | Z11: 23.14 | AA11: 776.822
A12: 4 | D12: Joint | E12: 39.392 | F12: 18.894 | T12: 3.96 | Z12: 39.392 | AA12: 760.569
A13: 5 | D13: Joint | E13: 58.286 | F13: 18.884 | T13: 3.96 | Z13: 58.286 | AA13: 741.676
A14: 5 | B14: 3 | D14: Metal Loss | E14: 61.988 | F14: 18.884 | G14: 3.702 | H14: 15.182 | I14: 8 | J14: 10 | K14: 0.31 | L14: 0 | N14: =IF(L14=0,"",K14-L14) | Q14: Internal | R14: 0.594 | S14: 16723.9 | T14: 3.96 | U14: 0.2375 | Z14: 58.286 | AA14: 741.676
A15: 5 | B15: 4 | D15: Metal Loss | E15: 62.092 | F15: 18.884 | G15: 3.806 | H15: 15.078 | I15: 14 | J15: 10 | K15: 0.32 | L15: 0 | N15: =IF(L15=0,"",K15-L15) | Q15: Internal | R15: 0.606 | S15: 16399.6 | T15: 3.96 | U15: 0.2375 | Z15: 58.286 | AA15: 741.676
A16: 5 | B16: 5 | D16: Metal Loss | E16: 65.226 | F16: 18.884 | G16: 6.94 | H16: 11.944 | I16: 10 | J16: 10 | K16: 0.32 | L16: 0 | N16: =IF(L16=0,"",K16-L16) | Q16: Internal | R16: 0.597 | S16: 16623.3 | T16: 3.96 | U16: 0.21527778 | Z16: 58.286 | AA16: 741.676
A17: 5 | B17: 6 | C17: 7 | D17: Metal Loss | E17: 73.739 | F17: 18.884 | G17: 15.453 | H17: 3.431 | I17: 8 | J17: 8 | K17: 0.34 | L17: 0 | N17: =IF(L17=0,"",K17-L17) | Q17: Internal | R17: 0.595 | S17: 16700.7 | T17: 3.96 | U17: 0.20902778 | Z17: 58.286 | AA17: 741.676
A18: 5 | B18: 7 | D18: Cluster | E18: 73.748 | F18: 18.884 | G18: 15.462 | H18: 3.422 | I18: 25.9 | J18: 10.8612 | K18: 0.42 | L18: 0 | M18: 0 | N18: 0.42 | Q18: Internal | R18: 0.658 | S18: 15084.8 | T18: 3.96 | U18: 0.20763889 | Z18: 58.286 | AA18: 741.676
A19: 5 | B19: 8 | C19: 7 | D19: Metal Loss | E19: 73.757 | F19: 18.884 | G19: 15.471 | H19: 3.413 | I19: 8 | J19: 10 | K19: 0.42 | L19: 0 | N19: =IF(L19=0,"",K19-L19) | Q19: Internal | R19: 0.597 | S19: 16630.3 | T19: 3.96 | U19: 0.20694444 | Z19: 58.286 | AA19: 741.676
A20: 6 | D20: Joint | E20: 77.17 | F20: 18.886 | T20: 3.96 | Z20: 77.17 | AA20: 722.792
A21: 7 | D21: Joint | E21: 96.056 | F21: 18.892 | T21: 3.96 | Z21: 96.056 | AA21: 703.905
A22: 8 | D22: Joint | E22: 114.948 | F22: 18.878 | T22: 3.96 | Z22: 114.948 | AA22: 685.014
A23: 9 | D23: Joint | E23: 133.826 | F23: 18.92 | T23: 3.96 | Z23: 133.826 | AA23: 666.135
A24: 9 | B24: 9 | D24: Metal Loss | E24: 136.544 | F24: 18.92 | G24: 2.718 | H24: 16.202 | I24: 4 | J24: 8 | K24: 0.39 | L24: 0 | N24: =IF(L24=0,"",K24-L24) | Q24: Internal | R24: 0.59 | S24: 16834.2 | T24: 3.96 | U24: 0.38125 | Z24: 133.826 | AA24: 666.135
A25: 9 | B25: 10 | D25: Metal Loss | E25: 136.772 | F25: 18.92 | G25: 2.946 | H25: 15.974 | I25: 8 | J25: 6 | K25: 0.27 | L25: 0 | N25: =IF(L25=0,"",K25-L25) | Q25: Internal | R25: 0.593 | S25: 16752.6 | T25: 3.96 | U25: 0.36111111 | Z25: 133.826 | AA25: 666.135
A26: 9 | B26: 11 | D26: Metal Loss | E26: 136.947 | F26: 18.92 | G26: 3.121 | H26: 15.799 | I26: 10 | J26: 8 | K26: 0.25 | L26: 0 | N26: =IF(L26=0,"",K26-L26) | Q26: Internal | R26: 0.595 | S26: 16698.3 | T26: 3.96 | U26: 0.37291667 | Z26: 133.826 | AA26: 666.135
A27: 9 | B27: 12 | D27: Metal Loss | E27: 137.011 | F27: 18.92 | G27: 3.185 | H27: 15.735 | I27: 4 | J27: 7 | K27: 0.46 | L27: 0 | N27: =IF(L27=0,"",K27-L27) | Q27: Internal | R27: 0.591 | S27: 16816 | T27: 3.96 | U27: 0.33819444 | Z27: 133.826 | AA27: 666.135
A28: 9 | B28: 13 | D28: Metal Loss | E28: 137.305 | F28: 18.92 | G28: 3.479 | H28: 15.44 | I28: 8 | J28: 10 | K28: 0.33 | L28: 0 | N28: =IF(L28=0,"",K28-L28) | Q28: Internal | R28: 0.594 | S28: 16708.6 | T28: 3.96 | U28: 0.37708333 | Z28: 133.826 | AA28: 666.135
A29: 9 | B29: 14 | D29: Metal Loss | E29: 137.864 | F29: 18.92 | G29: 4.038 | H29: 14.881 | I29: 8 | J29: 10 | K29: 0.27 | L29: 0 | N29: =IF(L29=0,"",K29-L29) | Q29: Internal | R29: 0.593 | S29: 16752.6 | T29: 3.96 | U29: 0.39375 | Z29: 133.826 | AA29: 666.135
A30: 9 | B30: 15 | D30: Metal Loss | E30: 139.209 | F30: 18.92 | G30: 5.383 | H30: 13.536 | I30: 10 | J30: 10 | K30: 0.29 | L30: 0 | N30: =IF(L30=0,"",K30-L30) | Q30: Internal | R30: 0.596 | S30: 16656.8 | T30: 3.96 | U30: 0.16111111 | Z30: 133.826 | AA30: 666.135
A31: 9 | B31: 16 | D31: Metal Loss | E31: 139.386 | F31: 18.92 | G31: 5.56 | H31: 13.36 | I31: 16 | J31: 13 | K31: 0.27 | L31: 0 | N31: =IF(L31=0,"",K31-L31) | Q31: Internal | R31: 0.606 | S31: 16397.4 | T31: 3.96 | U31: 0.24861111 | Z31: 133.826 | AA31: 666.135
A32: 9 | B32: 17 | C32: 18 | D32: Metal Loss | E32: 140.035 | F32: 18.92 | G32: 6.209 | H32: 12.711 | I32: 8 | J32: 10 | K32: 0.25 | L32: 0 | N32: =IF(L32=0,"",K32-L32) | Q32: Internal | R32: 0.592 | S32: 16766 | T32: 3.96 | U32: 0.18611111 | Z32: 133.826 | AA32: 666.135
A33: 9 | B33: 18 | D33: Cluster | E33: 140.045 | F33: 18.92 | G33: 6.219 | H33: 12.701 | I33: 27.1 | J33: 13.2142 | K33: 0.27 | L33: 0 | M33: 0 | N33: 0.27 | Q33: Internal | R33: 0.628 | S33: 15812.3 | T33: 3.96 | U33: 0.18819444 | Z33: 133.826 | AA33: 666.135
A34: 9 | B34: 19 | C34: 18 | D34: Metal Loss | E34: 140.053 | F34: 18.92 | G34: 6.227 | H34: 12.693 | I34: 10 | J34: 8 | K34: 0.27 | L34: 0 | N34: =IF(L34=0,"",K34-L34) | Q34: Internal | R34: 0.595 | S34: 16678 | T34: 3.96 | U34: 0.19027778 | Z34: 133.826 | AA34: 666.135
A35: 9 | B35: 20 | D35: Metal Loss | E35: 140.336 | F35: 18.92 | G35: 6.51 | H35: 12.41 | I35: 8 | J35: 8 | K35: 0.26 | L35: 0 | N35: =IF(L35=0,"",K35-L35) | Q35: Internal | R35: 0.593 | S35: 16759.3 | T35: 3.96 | U35: 0.18263889 | Z35: 133.826 | AA35: 666.135
A36: 9 | B36: 21 | D36: Metal Loss | E36: 140.745 | F36: 18.92 | G36: 6.919 | H36: 12.001 | I36: 8 | J36: 10 | K36: 0.33 | L36: 0 | N36: =IF(L36=0,"",K36-L36) | Q36: Internal | R36: 0.594 | S36: 16708.6 | T36: 3.96 | U36: 0.17847222 | Z36: 133.826 | AA36: 666.135
A37: 9 | B37: 22 | D37: Metal Loss | E37: 141.005 | F37: 18.92 | G37: 7.179 | H37: 11.741 | I37: 12 | J37: 10 | K37: 0.26 | L37: 0 | N37: =IF(L37=0,"",K37-L37) | Q37: Internal | R37: 0.598 | S37: 16606.5 | T37: 3.96 | U37: 0.17847222 | Z37: 133.826 | AA37: 666.135
A38: 9 | B38: 23 | D38: Metal Loss | E38: 141.172 | F38: 18.92 | G38: 7.346 | H38: 11.574 | I38: 8 | J38: 8 | K38: 0.22 | L38: 0 | N38: =IF(L38=0,"",K38-L38) | Q38: Internal | R38: 0.592 | S38: 16785.1 | T38: 3.96 | U38: 0.18263889 | Z38: 133.826 | AA38: 666.135
A39: 9 | B39: 24 | D39: Metal Loss | E39: 141.23 | F39: 18.92 | G39: 7.404 | H39: 11.516 | I39: 8 | J39: 10 | K39: 0.25 | L39: 0 | N39: =IF(L39=0,"",K39-L39) | Q39: Internal | R39: 0.592 | S39: 16766 | T39: 3.96 | U39: 0.18680556 | Z39: 133.826 | AA39: 666.135
A40: 9 | B40: 25 | D40: Metal Loss | E40: 141.28 | F40: 18.92 | G40: 7.454 | H40: 11.466 | I40: 8 | J40: 8 | K40: 0.33 | L40: 0 | N40: =IF(L40=0,"",K40-L40) | Q40: Internal | R40: 0.594 | S40: 16708.6 | T40: 3.96 | U40: 0.19097222 | Z40: 133.826 | AA40: 666.135
A41: 9 | B41: 26 | D41: Metal Loss | E41: 141.444 | F41: 18.92 | G41: 7.618 | H41: 11.302 | I41: 10 | J41: 10 | K41: 0.26 | L41: 0 | N41: =IF(L41=0,"",K41-L41) | Q41: Internal | R41: 0.595 | S41: 16688.2 | T41: 3.96 | U41: 0.17847222 | Z41: 133.826 | AA41: 666.135
A42: 9 | B42: 27 | D42: Metal Loss | E42: 143.41 | F42: 18.92 | G42: 9.584 | H42: 9.335 | I42: 20 | J42: 10 | K42: 0.35 | L42: 0 | N42: =IF(L42=0,"",K42-L42) | Q42: Internal | R42: 0.624 | S42: 15904.1 | T42: 3.96 | U42: 0.21388889 | Z42: 133.826 | AA42: 666.135
A43: 9 | B43: 28 | D43: Metal Loss | E43: 143.512 | F43: 18.92 | G43: 9.686 | H43: 9.233 | I43: 4 | J43: 8 | K43: 0.39 | L43: 0 | N43: =IF(L43=0,"",K43-L43) | Q43: Internal | R43: 0.59 | S43: 16834.2 | T43: 3.96 | U43: 0.20972222 | Z43: 133.826 | AA43: 666.135
A44: 9 | B44: 29 | D44: Metal Loss | E44: 143.601 | F44: 18.92 | G44: 9.775 | H44: 9.145 | I44: 14 | J44: 10 | K44: 0.31 | L44: 0 | N44: =IF(L44=0,"",K44-L44) | Q44: Internal | R44: 0.605 | S44: 16420.1 | T44: 3.96 | U44: 0.21388889 | Z44: 133.826 | AA44: 666.135
A45: 10 | D45: Joint | E45: 152.746 | F45: 18.868 | T45: 3.96 | Z45: 152.746 | AA45: 647.216
A46: 11 | D46: Joint | E46: 171.614 | F46: 18.898 | T46: 3.96 | Z46: 171.614 | AA46: 628.347
A47: 11 | B47: 30 | D47: Metal Loss | E47: 187.775 | F47: 18.898 | G47: 16.161 | H47: 2.737 | I47: 22 | J47: 18 | K47: 0.25 | L47: 0 | N47: =IF(L47=0,"",K47-L47) | Q47: Internal | R47: 0.615 | S47: 16152.5 | T47: 3.96 | U47: 0.54027778 | Z47: 171.614 | AA47: 628.347
A48: 11 | B48: 31 | D48: Metal Loss | E48: 187.872 | F48: 18.898 | G48: 16.258 | H48: 2.64 | I48: 38 | J48: 15 | K48: 0.23 | L48: 0 | N48: =IF(L48=0,"",K48-L48) | Q48: Internal | R48: 0.637 | S48: 15583.1 | T48: 3.96 | U48: 0.53611111 | Z48: 171.614 | AA48: 628.347
A49: 11 | B49: 32 | D49: Metal Loss | E49: 187.944 | F49: 18.898 | G49: 16.329 | H49: 2.569 | I49: 54 | J49: 15 | K49: 0.31 | L49: 0 | N49: =IF(L49=0,"",K49-L49) | Q49: Internal | R49: 0.688 | S49: 14425.4 | T49: 3.96 | U49: 0.53611111 | Z49: 171.614 | AA49: 628.347
A50: 11 | B50: 33 | D50: Metal Loss | E50: 188.004 | F50: 18.898 | G50: 16.39 | H50: 2.509 | I50: 8 | J50: 18 | K50: 0.24 | L50: 0 | N50: =IF(L50=0,"",K50-L50) | Q50: Internal | R50: 0.592 | S50: 16772.5 | T50: 3.96 | U50: 0.53194444 | Z50: 171.614 | AA50: 628.347
A51: 11 | B51: 34 | D51: Metal Loss | E51: 188.07 | F51: 18.898 | G51: 16.456 | H51: 2.443 | I51: 14 | J51: 21 | K51: 0.24 | L51: 0 | N51: =IF(L51=0,"",K51-L51) | Q51: Internal | R51: 0.6 | S51: 16552.4 | T51: 3.96 | U51: 0.044444444 | Z51: 171.614 | AA51: 628.347
A52: 11 | B52: 35 | D52: Metal Loss | E52: 188.137 | F52: 18.898 | G52: 16.523 | H52: 2.375 | I52: 10 | J52: 21 | K52: 0.23 | L52: 0 | N52: =IF(L52=0,"",K52-L52) | Q52: Internal | R52: 0.594 | S52: 16717.8 | T52: 3.96 | U52: 0.044444444 | Z52: 171.614 | AA52: 628.347
A53: 11 | B53: 36 | D53: Metal Loss | E53: 188.209 | F53: 18.898 | G53: 16.595 | H53: 2.303 | I53: 6 | J53: 21 | K53: 0.27 | L53: 0 | N53: =IF(L53=0,"",K53-L53) | Q53: Internal | R53: 0.591 | S53: 16813.6 | T53: 3.96 | U53: 0.052777778 | Z53: 171.614 | AA53: 628.347
A54: 11 | B54: 37 | D54: Metal Loss | E54: 188.287 | F54: 18.898 | G54: 16.673 | H54: 2.226 | I54: 10 | J54: 21 | K54: 0.28 | L54: 0 | N54: =IF(L54=0,"",K54-L54) | Q54: Internal | R54: 0.596 | S54: 16667.5 | T54: 3.96 | U54: 0.052777778 | Z54: 171.614 | AA54: 628.347
A55: 11 | B55: 38 | C55: 39 | D55: Metal Loss | E55: 188.351 | F55: 18.898 | G55: 16.737 | H55: 2.162 | I55: 54 | J55: 27 | K55: 0.26 | L55: 0 | N55: =IF(L55=0,"",K55-L55) | Q55: Internal | R55: 0.668 | S55: 14875.8 | T55: 3.96 | U55: 0.052777778 | Z55: 171.614 | AA55: 628.347
A56: 11 | B56: 39 | D56: Cluster | E56: 188.359 | F56: 18.898 | G56: 16.745 | H56: 2.153 | I56: 72 | J56: 32.1673 | K56: 0.26 | L56: 0 | M56: 0 | N56: 0.26 | Q56: Internal | R56: 0.684 | S56: 14508 | T56: 3.96 | U56: 0.055555556 | Z56: 171.614 | AA56: 628.347
A57: 11 | B57: 40 | C57: 39 | D57: Metal Loss | E57: 188.382 | F57: 18.898 | G57: 16.768 | H57: 2.131 | I57: 28 | J57: 29 | K57: 0.24 | L57: 0 | N57: =IF(L57=0,"",K57-L57) | Q57: Internal | R57: 0.624 | S57: 15915.5 | T57: 3.96 | U57: 0.056944444 | Z57: 171.614 | AA57: 628.347
A58: 11 | B58: 41 | D58: Metal Loss | E58: 188.447 | F58: 18.898 | G58: 16.833 | H58: 2.065 | I58: 34 | J58: 27 | K58: 0.27 | L58: 0 | N58: =IF(L58=0,"",K58-L58) | Q58: Internal | R58: 0.641 | S58: 15483.6 | T58: 3.96 | U58: 0.052777778 | Z58: 171.614 | AA58: 628.347
A59: 11 | B59: 42 | D59: Metal Loss | E59: 188.55 | F59: 18.898 | G59: 16.936 | H59: 1.962 | I59: 14 | J59: 21 | K59: 0.26 | L59: 0 | N59: =IF(L59=0,"",K59-L59) | Q59: Internal | R59: 0.601 | S59: 16516.5 | T59: 3.96 | U59: 0.53611111 | Z59: 171.614 | AA59: 628.347
A60: 11 | B60: 43 | D60: Metal Loss | E60: 188.597 | F60: 18.898 | G60: 16.983 | H60: 1.916 | I60: 10 | J60: 21 | K60: 0.27 | L60: 0 | N60: =IF(L60=0,"",K60-L60) | Q60: Internal | R60: 0.595 | S60: 16678 | T60: 3.96 | U60: 0.044444444 | Z60: 171.614 | AA60: 628.347
A61: 11 | B61: 44 | D61: Metal Loss | E61: 188.692 | F61: 18.898 | G61: 17.078 | H61: 1.821 | I61: 14 | J61: 29 | K61: 0.28 | L61: 0 | N61: =IF(L61=0,"",K61-L61) | Q61: Internal | R61: 0.603 | S61: 16479 | T61: 3.96 | U61: 0.047916667 | Z61: 171.614 | AA61: 628.347
A62: 11 | B62: 45 | D62: Metal Loss | E62: 188.721 | F62: 18.898 | G62: 17.107 | H62: 1.792 | I62: 10 | J62: 27 | K62: 0.32 | L62: 0 | N62: =IF(L62=0,"",K62-L62) | Q62: Internal | R62: 0.597 | S62: 16623.3 | T62: 3.96 | U62: 0.052083333 | Z62: 171.614 | AA62: 628.347
A63: 11 | B63: 46 | D63: Metal Loss | E63: 188.806 | F63: 18.898 | G63: 17.192 | H63: 1.706 | I63: 14 | J63: 24 | K63: 0.27 | L63: 0 | N63: =IF(L63=0,"",K63-L63) | Q63: Internal | R63: 0.602 | S63: 16497.9 | T63: 3.96 | U63: 0.047916667 | Z63: 171.614 | AA63: 628.347
A64: 11 | B64: 47 | D64: Metal Loss | E64: 188.855 | F64: 18.898 | G64: 17.24 | H64: 1.658 | I64: 14 | J64: 29 | K64: 0.26 | L64: 0 | N64: =IF(L64=0,"",K64-L64) | Q64: Internal | R64: 0.601 | S64: 16516.5 | T64: 3.96 | U64: 0.05625 | Z64: 171.614 | AA64: 628.347
A65: 11 | B65: 48 | D65: Metal Loss | E65: 188.905 | F65: 18.898 | G65: 17.291 | H65: 1.607 | I65: 12 | J65: 27 | K65: 0.29 | L65: 0 | N65: =IF(L65=0,"",K65-L65) | Q65: Internal | R65: 0.6 | S65: 16563 | T65: 3.96 | U65: 0.052083333 | Z65: 171.614 | AA65: 628.347
A66: 11 | B66: 49 | D66: Metal Loss | E66: 188.986 | F66: 18.898 | G66: 17.372 | H66: 1.526 | I66: 6 | J66: 29 | K66: 0.37 | L66: 0 | N66: =IF(L66=0,"",K66-L66) | Q66: Internal | R66: 0.592 | S66: 16769.2 | T66: 3.96 | U66: 0.05625 | Z66: 171.614 | AA66: 628.347
A67: 11 | B67: 50 | D67: Metal Loss | E67: 189.035 | F67: 18.898 | G67: 17.421 | H67: 1.478 | I67: 10 | J67: 29 | K67: 0.28 | L67: 0 | N67: =IF(L67=0,"",K67-L67) | Q67: Internal | R67: 0.596 | S67: 16667.5 | T67: 3.96 | U67: 0.05625 | Z67: 171.614 | AA67: 628.347
A68: 11 | B68: 51 | D68: Metal Loss | E68: 189.11 | F68: 18.898 | G68: 17.496 | H68: 1.402 | I68: 32 | J68: 29 | K68: 0.25 | L68: 0 | N68: =IF(L68=0,"",K68-L68) | Q68: Internal | R68: 0.633 | S68: 15689.7 | T68: 3.96 | U68: 0.05625 | Z68: 171.614 | AA68: 628.347
A69: 11 | B69: 52 | D69: Metal Loss | E69: 189.157 | F69: 18.898 | G69: 17.543 | H69: 1.355 | I69: 10 | J69: 29 | K69: 0.28 | L69: 0 | N69: =IF(L69=0,"",K69-L69) | Q69: Internal | R69: 0.596 | S69: 16667.5 | T69: 3.96 | U69: 0.05625 | Z69: 171.614 | AA69: 628.347
... A76: 11 | B76: 59 | D76: Metal Loss | E76: 189.581 | F76: 18.898 | G76: 17.967 | H76: 0.931 | I76: 12 | J76: 24 | K76: 0.29 | L76: 0 | N76: =IF(L76=0,"",K76-L76) | Q76: Internal | R76: 0.6 | S76: 16563 | T76: 3.96 | U76: 0.047916667 | Z76: 171.614 | AA76: 628.347
A77: 12 | D77: Joint | E77: 190.512 | F77: 18.856 | T77: 3.96 | Z77: 190.512 | AA77: 609.449
A78: 13 | D78: Joint | E78: 209.368 | F78: 18.884 | T78: 3.96 | Z78: 209.368 | AA78: 590.593
A79: 14 | D79: Joint | E79: 228.252 | F79: 18.866 | T79: 3.96 | Z79: 228.252 | AA79: 571.709
A80: 15 | D80: Joint | E80: 247.118 | F80: 18.892 | T80: 3.96 | Z80: 247.118 | AA80: 552.843
A81: 16 | D81: Joint | E81: 266.01 | F81: 18.832 | T81: 3.96 | Z81: 266.01 | AA81: 533.952
A82: 17 | D82: Joint | E82: 284.842 | F82: 18.944 | T82: 3.96 | Z82: 284.842 | AA82: 515.12
A83: 17 | B83: 60 | D83: Metal Loss | E83: 285.355 | F83: 18.944 | G83: 0.513 | H83: 18.431 | I83: 8 | J83: 8 | K83: 0.27 | L83: 0 | N83: =IF(L83=0,"",K83-L83) | Q83: Internal | R83: 0.593 | S83: 16752.6 | T83: 3.96 | U83: 0.22291667 | Z83: 284.842 | AA83: 515.12
A84: 18 | D84: Joint | E84: 303.786 | F84: 16.692 | T84: 3.96 | Z84: 303.786 | AA84: 496.175
A85: 18 | B85: 61 | D85: Metal Loss | E85: 320.036 | F85: 16.692 | G85: 16.25 | H85: 0.442 | I85: 20 | J85: 13 | K85: 0.32 | L85: 0 | N85: =IF(L85=0,"",K85-L85) | Q85: Internal | R85: 0.62 | S85: 16014.9 | T85: 3.96 | U85: 0.25277778 | Z85: 303.786 | AA85: 496.175
A86: 19 | D86: Joint | E86: 320.478 | F86: 18.986 | T86: 3.96 | Z86: 320.478 | AA86: 479.483
A87: 19 | B87: 62 | D87: Bend | E87: 327.471 | F87: 18.986 | G87: 6.993 | H87: 11.993 | I87: 8608.1 | L87: 0 | M87: 0 | N87: 0 | T87: 3.96 | Z87: 320.478 | AA87: 479.483 | AB87: 16 - Left (Field)
A88: 20 | D88: Joint | E88: 339.464 | F88: 16.214 | T88: 3.96 | Z88: 339.464 | AA88: 460.498
A89: 21 | D89: Joint | E89: 355.678 | F89: 17.184 | T89: 3.96 | Z89: 355.678 | AA89: 444.284
A90: 21 | B90: 63 | D90: Bend | E90: 362.085 | F90: 17.184 | G90: 6.407 | H90: 10.777 | I90: 6892.5 | L90: 0 | M90: 0 | N90: 0 | T90: 3.96 | Z90: 355.678 | AA90: 444.284 | AB90: 31 - Left (Field)
A91: 22 | D91: Joint | E91: 372.862 | F91: 3.402 | T91: 3.96 | Z91: 372.862 | AA91: 427.099
A92: 23 | D92: Joint | E92: 376.264 | F92: 18.6 | T92: 3.96 | Z92: 376.264 | AA92: 423.697
A93: 24 | D93: Joint | E93: 394.864 | F93: 18.956 | T93: 3.96 | Z93: 394.864 | AA93: 405.097
A94: 25 | D94: Joint | E94: 413.82 | F94: 18.939 | T94: 3.96 | Z94: 413.82 | AA94: 386.142
A95: 26 | D95: Joint | E95: 432.759 | F95: 18.891 | T95: 3.96 | Z95: 432.759 | AA95: 367.203
A96: 27 | D96: Joint | E96: 451.65 | F96: 18.922 | T96: 3.96 | Z96: 451.65 | AA96: 348.312
A97: 28 | D97: Joint | E97: 470.572 | F97: 18.88 | T97: 3.96 | Z97: 470.572 | AA97: 329.389
A98: 29 | D98: Joint | E98: 489.452 | F98: 18.914 | T98: 3.96 | Z98: 489.452 | AA98: 310.51
A99: 30 | D99: Joint | E99: 508.366 | F99: 18.858 | T99: 3.96 | Z99: 508.366 | AA99: 291.596
A100: 31 | D100: Joint | E100: 527.224 | F100: 18.932 | T100: 3.96 | Z100: 527.224 | AA100: 272.737
A101: 32 | D101: Joint | E101: 546.156 | F101: 18.89 | T101: 3.96 | Z101: 546.156 | AA101: 253.806
A102: 33 | D102: Joint | E102: 565.046 | F102: 18.924 | T102: 3.96 | Z102: 565.046 | AA102: 234.915
... A114: 45 | D114: Joint | E114: 785.722 | F114: 18.99 | T114: 3.96 | Z114: 785.722 | AA114: 14.24
A115: 45 | B115: 64 | D115: Above Ground Marker | E115: 799.962 | F115: 18.99 | G115: 14.24 | H115: 4.75 | L115: 0 | T115: 3.96 | W115: 54.9169 | X115: 117.71066 | Y115: 715 | Z115: 785.722 | AA115: 14.24 | AB115: (AGM7624 07/29/18 11:47:35 700ms)
A116: 46 | D116: Joint | E116: 804.712 | F116: 17.664 | T116: 3.96 | Z116: 4.75 | AA116: 963.552
A117: 47 | D117: Joint | E117: 822.376 | F117: 18.94 | T117: 3.96 | Z117: 22.414 | AA117: 945.888
...

Sheet PL-3-26 to 2-26
A1: Pipeline Listing
A2: Project No: | C2: 180729-RL-T6A-B | H2: Client: | I2: ARC Resources
A3: Pipeline Name: | C3: 4-35-68-25W5 to 2-26-68-25W5 | H3: Location: | I3: Valleyview AB / Ante Creek | AE3: Imported: | AF3: P:\Data\ARC Resources\2018\Valleyview\180729-RL-T6A- 3-26 to 4-35 (28312-6)\180729-RL-T6A-B - 3-26 to 2-26\Documents\Re-Grade\180729-RL-T6A-B_PipelineListing.csv
A4: Run Date: | C4: 43310 | H4: Pipeline Segment: | I4: 3-26-68-25W5 to 2-26-68-25W5_Lic_28312-6 | Y4: Features: | Z4: 109
Y5: Joints: | Z5: 54
A6: Joint Number | B6: Feature Number | C6: Cluster Number | D6: Feature Type | E6: Distance (m) | F6: Joint Length (m) | G6: Dist to US Girth Weld (m) | H6: Dist to DS Girth Weld (m) | I6: Length (mm) | J6: Width (mm) | K6: Depth (%) | L6: Depth Measured (%) | M6: Depth Measured (mm) | N6: Difference Pred.-Meas. (%) | O6: Length Measured (mm) | P6: Width Measured (mm) | Q6: Int/Ext | R6: Estimated Repair Factor (ERF) | S6: Burst Pressure (kPa) | T6: Wall Thick (mm) | U6: Clock Position (hrs:min) | V6: % of OD Restriction | W6: Latitude (Dec Deg.) | X6: Longitude (Dec Deg.) | Y6: Elevation (m) | Z6: US Girth Weld to US Marker (m) | AA6: US Girth Weld to DS Marker (m) | AB6: Notes
A7: 1 | D7: Joint | E7: 0 | F7: 18.252 | T7: 3.96 | Z7: 0 | AA7: 991.352
A8: 1 | B8: 1 | D8: Flange | E8: 0 | F8: 18.252 | G8: 0 | H8: 18.252 | T8: 3.96 | W8: 54.911573 | X8: 117.70589 | Y8: 0 | Z8: 0 | AA8: 991.352 | AB8: Launch at 3-26 to 2-26
A9: 1 | B9: 2 | D9: Other Installation | E9: 2.112 | F9: 18.252 | G9: 2.112 | H9: 16.14 | T9: 3.96 | Z9: 0 | AA9: 991.352 | AB9: Temporary Magnet at 12:00
A10: 1 | B10: 3 | D10: Metal Loss | E10: 16.274 | F10: 18.252 | G10: 16.274 | H10: 1.978 | I10: 8 | J10: 13 | K10: 0.27 | Q10: Internal | R10: 0.593 | S10: 16752.6 | T10: 3.96 | U10: 0.25694444 | Z10: 0 | AA10: 991.352
A11: 1 | B11: 4 | D11: Metal Loss | E11: 16.434 | F11: 18.252 | G11: 16.434 | H11: 1.818 | I11: 16 | J11: 10 | K11: 0.32 | Q11: Internal | R11: 0.61 | S11: 16275.1 | T11: 3.96 | U11: 0.24444444 | Z11: 0 | AA11: 991.352
A12: 1 | B12: 5 | D12: Metal Loss | E12: 16.606 | F12: 18.252 | G12: 16.606 | H12: 1.646 | I12: 12 | J12: 10 | K12: 0.39 | Q12: Internal | R12: 0.606 | S12: 16396.1 | T12: 3.96 | U12: 0.24444444 | Z12: 0 | AA12: 991.352
A13: 2 | D13: Joint | E13: 18.252 | F13: 18.866 | T13: 3.96 | Z13: 18.252 | AA13: 973.1
A14: 2 | B14: 6 | D14: Metal Loss | E14: 18.576 | F14: 18.866 | G14: 0.324 | H14: 18.542 | I14: 4 | J14: 15 | K14: 0.51 | Q14: Internal | R14: 0.591 | S14: 16800.6 | T14: 3.96 | U14: 0.24305556 | Z14: 18.252 | AA14: 973.1
A15: 2 | B15: 7 | D15: Metal Loss | E15: 18.866 | F15: 18.866 | G15: 0.614 | H15: 18.252 | I15: 10 | J15: 8 | K15: 0.29 | Q15: Internal | R15: 0.596 | S15: 16656.8 | T15: 3.96 | U15: 0.24652778 | Z15: 18.252 | AA15: 973.1
A16: 2 | B16: 8 | D16: Metal Loss | E16: 18.952 | F16: 18.866 | G16: 0.7 | H16: 18.166 | I16: 8 | J16: 10 | K16: 0.27 | Q16: Internal | R16: 0.593 | S16: 16752.6 | T16: 3.96 | U16: 0.25069444 | Z16: 18.252 | AA16: 973.1
A17: 2 | B17: 9 | D17: Metal Loss | E17: 18.986 | F17: 18.866 | G17: 0.734 | H17: 18.132 | I17: 20 | J17: 13 | K17: 0.35 | Q17: Internal | R17: 0.624 | S17: 15904.1 | T17: 3.96 | U17: 0.24652778 | Z17: 18.252 | AA17: 973.1
A18: 3 | D18: Joint | E18: 37.118 | F18: 19.042 | T18: 3.96 | Z18: 37.118 | AA18: 954.234
A19: 3 | B19: 10 | D19: Metal Loss | E19: 39.358 | F19: 19.042 | G19: 2.24 | H19: 16.802 | I19: 4 | J19: 15 | K19: 0.52 | Q19: Internal | R19: 0.591 | S19: 16797.3 | T19: 3.96 | U19: 0.24861111 | Z19: 37.118 | AA19: 954.234
A20: 3 | B20: 11 | D20: Metal Loss | E20: 53.942 | F20: 19.042 | G20: 16.824 | H20: 2.218 | I20: 10 | J20: 6 | K20: 0.31 | Q20: Internal | R20: 0.597 | S20: 16634.7 | T20: 3.96 | U20: 0.23333333 | Z20: 37.118 | AA20: 954.234
A21: 3 | B21: 12 | D21: Metal Loss | E21: 53.97 | F21: 19.042 | G21: 16.852 | H21: 2.19 | I21: 10 | J21: 9 | K21: 0.34 | Q21: Internal | R21: 0.598 | S21: 16599.7 | T21: 3.96 | U21: 0.23888889 | Z21: 37.118 | AA21: 954.234
A22: 4 | D22: Joint | E22: 56.16 | F22: 18.858 | T22: 3.96 | Z22: 56.16 | AA22: 935.192
A23: 4 | B23: 13 | D23: Metal Loss | E23: 68.67 | F23: 18.858 | G23: 12.51 | H23: 6.348 | I23: 10 | J23: 8 | K23: 0.28 | Q23: Internal | R23: 0.596 | S23: 16667.5 | T23: 3.96 | U23: 0.20763889 | Z23: 56.16 | AA23: 935.192
A24: 5 | D24: Joint | E24: 75.018 | F24: 18.866 | T24: 3.96 | Z24: 75.018 | AA24: 916.334
A25: 6 | D25: Joint | E25: 93.884 | F25: 18.844 | T25: 3.96 | Z25: 93.884 | AA25: 897.468
A26: 6 | B26: 14 | D26: Metal Loss | E26: 94.078 | F26: 18.844 | G26: 0.194 | H26: 18.65 | I26: 10 | J26: 6 | K26: 0.39 | Q26: Internal | R26: 0.601 | S26: 16535.9 | T26: 3.96 | U26: 0.19097222 | Z26: 93.884 | AA26: 897.468
A27: 6 | B27: 15 | D27: Metal Loss | E27: 95.366 | F27: 18.844 | G27: 1.482 | H27: 17.362 | I27: 8 | J27: 10 | K27: 0.34 | Q27: Internal | R27: 0.595 | S27: 16700.7 | T27: 3.96 | U27: 0.18888889 | Z27: 93.884 | AA27: 897.468
A28: 6 | B28: 16 | D28: Metal Loss | E28: 97.316 | F28: 18.844 | G28: 3.432 | H28: 15.412 | I28: 10 | J28: 15 | K28: 0.32 | Q28: Internal | R28: 0.597 | S28: 16623.3 | T28: 3.96 | U28: 0.25486111 | Z28: 93.884 | AA28: 897.468
A29: 6 | B29: 17 | D29: Metal Loss | E29: 97.37 | F29: 18.844 | G29: 3.486 | H29: 15.358 | I29: 8 | J29: 10 | K29: 0.32 | Q29: Internal | R29: 0.594 | S29: 16716.4 | T29: 3.96 | U29: 0.25486111 | Z29: 93.884 | AA29: 897.468
A30: 6 | B30: 18 | D30: Metal Loss | E30: 98.986 | F30: 18.844 | G30: 5.102 | H30: 13.742 | I30: 4 | J30: 6 | K30: 0.66 | Q30: Internal | R30: 0.593 | S30: 16737.1 | T30: 3.96 | U30: 0.18333333 | Z30: 93.884 | AA30: 897.468
A31: 6 | B31: 19 | D31: Metal Loss | E31: 99.022 | F31: 18.844 | G31: 5.138 | H31: 13.706 | I31: 10 | J31: 10 | K31: 0.38 | Q31: Internal | R31: 0.6 | S31: 16549.3 | T31: 3.96 | U31: 0.20555556 | Z31: 93.884 | AA31: 897.468
A32: 6 | B32: 20 | D32: Metal Loss | E32: 102.644 | F32: 18.844 | G32: 8.76 | H32: 10.084 | I32: 10 | J32: 13 | K32: 0.42 | Q32: Internal | R32: 0.602 | S32: 16493.8 | T32: 3.96 | U32: 0.20972222 | Z32: 93.884 | AA32: 897.468
A33: 6 | B33: 21 | D33: Metal Loss | E33: 110.28 | F33: 18.844 | G33: 16.396 | H33: 2.448 | I33: 4 | J33: 8 | K33: 0.35 | Q33: Internal | R33: 0.59 | S33: 16843.2 | T33: 3.96 | U33: 0.19513889 | Z33: 93.884 | AA33: 897.468
A34: 6 | B34: 22 | D34: Metal Loss | E34: 110.44 | F34: 18.844 | G34: 16.556 | H34: 2.288 | I34: 8 | J34: 10 | K34: 0.29 | Q34: Internal | R34: 0.593 | S34: 16738.6 | T34: 3.96 | U34: 0.24097222 | Z34: 93.884 | AA34: 897.468
A35: 7 | D35: Joint | E35: 112.728 | F35: 18.864 | T35: 3.96 | Z35: 112.728 | AA35: 878.624
A36: 7 | B36: 23 | D36: Metal Loss | E36: 121.742 | F36: 18.864 | G36: 9.014 | H36: 9.85 | I36: 8 | J36: 8 | K36: 0.39 | Q36: Internal | R36: 0.596 | S36: 16658.3 | T36: 3.96 | U36: 0.25416667 | Z36: 112.728 | AA36: 878.624
A37: 8 | D37: Joint | E37: 131.592 | F37: 18.88 | T37: 3.96 | Z37: 131.592 | AA37: 859.76
A38: 8 | B38: 24 | D38: Metal Loss | E38: 131.764 | F38: 18.88 | G38: 0.172 | H38: 18.708 | I38: 4 | J38: 6 | K38: 0.37 | Q38: Internal | R38: 0.59 | S38: 16838.8 | T38: 3.96 | U38: 0.24305556 | Z38: 131.592 | AA38: 859.76
A39: 8 | B39: 25 | D39: Metal Loss | E39: 140.364 | F39: 18.88 | G39: 8.772 | H39: 10.108 | I39: 8 | J39: 6 | K39: 0.36 | Q39: Internal | R39: 0.595 | S39: 16684.4 | T39: 3.96 | U39: 0.24444444 | Z39: 131.592 | AA39: 859.76
A40: 8 | B40: 26 | D40: Metal Loss | E40: 142.238 | F40: 18.88 | G40: 10.646 | H40: 8.234 | I40: 8 | J40: 6 | K40: 0.27 | Q40: Internal | R40: 0.593 | S40: 16752.6 | T40: 3.96 | U40: 0.23680556 | Z40: 131.592 | AA40: 859.76
A41: 8 | B41: 27 | D41: Metal Loss | E41: 143.008 | F41: 18.88 | G41: 11.416 | H41: 7.464 | I41: 8 | J41: 8 | K41: 0.37 | Q41: Internal | R41: 0.595 | S41: 16675.9 | T41: 3.96 | U41: 0.24097222 | Z41: 131.592 | AA41: 859.76
A42: 8 | B42: 28 | D42: Metal Loss | E42: 144.494 | F42: 18.88 | G42: 12.902 | H42: 5.978 | I42: 8 | J42: 7 | K42: 0.34 | Q42: Internal | R42: 0.595 | S42: 16700.7 | T42: 3.96 | U42: 0.23541667 | Z42: 131.592 | AA42: 859.76
A43: 8 | B43: 29 | D43: Metal Loss | E43: 145.278 | F43: 18.88 | G43: 13.686 | H43: 5.194 | I43: 10 | J43: 8 | K43: 0.28 | Q43: Internal | R43: 0.596 | S43: 16667.5 | T43: 3.96 | U43: 0.23541667 | Z43: 131.592 | AA43: 859.76
A44: 8 | B44: 30 | D44: Metal Loss | E44: 146.01 | F44: 18.88 | G44: 14.418 | H44: 4.462 | I44: 8 | J44: 13 | K44: 0.24 | Q44: Internal | R44: 0.592 | S44: 16772.5 | T44: 3.96 | U44: 0.26736111 | Z44: 131.592 | AA44: 859.76
A45: 8 | B45: 31 | D45: Metal Loss | E45: 146.252 | F45: 18.88 | G45: 14.66 | H45: 4.22 | I45: 8 | J45: 10 | K45: 0.29 | Q45: Internal | R45: 0.593 | S45: 16738.6 | T45: 3.96 | U45: 0.24652778 | Z45: 131.592 | AA45: 859.76
A46: 8 | B46: 32 | D46: Metal Loss | E46: 146.826 | F46: 18.88 | G46: 15.234 | H46: 3.646 | I46: 4 | J46: 8 | K46: 0.59 | Q46: Internal | R46: 0.592 | S46: 16770.7 | T46: 3.96 | U46: 0.24930556 | Z46: 131.592 | AA46: 859.76
A47: 8 | B47: 33 | D47: Metal Loss | E47: 147.276 | F47: 18.88 | G47: 15.684 | H47: 3.196 | I47: 4 | J47: 8 | K47: 0.14 | Q47: Internal | R47: 0.588 | S47: 16879.4 | T47: 3.96 | U47: 0.24930556 | Z47: 131.592 | AA47: 859.76
A48: 8 | B48: 34 | D48: Metal Loss | E48: 147.342 | F48: 18.88 | G48: 15.75 | H48: 3.13 | I48: 4 | J48: 10 | K48: 0.14 | Q48: Internal | R48: 0.588 | S48: 16879.4 | T48: 3.96 | U48: 0.24513889 | Z48: 131.592 | AA48: 859.76
A49: 8 | B49: 35 | C49: 36 | D49: Metal Loss | E49: 147.632 | F49: 18.88 | G49: 16.04 | H49: 2.84 | I49: 8 | J49: 8 | K49: 0.25 | Q49: Internal | R49: 0.592 | S49: 16766 | T49: 3.96 | U49: 0.25625 | Z49: 131.592 | AA49: 859.76
A50: 8 | B50: 36 | D50: Cluster | E50: 147.64 | F50: 18.88 | G50: 16.048 | H50: 2.832 | I50: 24 | J50: 8.03125 | K50: 0.37 | Q50: Internal | R50: 0.64 | S50: 15514.6 | T50: 3.96 | U50: 0.25625 | Z50: 131.592 | AA50: 859.76
A51: 8 | B51: 37 | C51: 36 | D51: Metal Loss | E51: 147.648 | F51: 18.88 | G51: 16.056 | H51: 2.824 | I51: 8 | J51: 8 | K51: 0.37 | Q51: Internal | R51: 0.595 | S51: 16675.9 | T51: 3.96 | U51: 0.25625 | Z51: 131.592 | AA51: 859.76
A52: 8 | B52: 38 | D52: Metal Loss | E52: 147.754 | F52: 18.88 | G52: 16.162 | H52: 2.718 | I52: 8 | J52: 8 | K52: 0.13 | Q52: Internal | R52: 0.59 | S52: 16836.1 | T52: 3.96 | U52: 0.23958333 | Z52: 131.592 | AA52: 859.76
A53: 8 | B53: 39 | D53: Metal Loss | E53: 147.928 | F53: 18.88 | G53: 16.336 | H53: 2.544 | I53: 4 | J53: 8 | K53: 0.37 | Q53: Internal | R53: 0.59 | S53: 16838.8 | T53: 3.96 | U53: 0.26458333 | Z53: 131.592 | AA53: 859.76
A54: 8 | B54: 40 | D54: Metal Loss | E54: 148.018 | F54: 18.88 | G54: 16.426 | H54: 2.454 | I54: 8 | J54: 5 | K54: 0.27 | Q54: Internal | R54: 0.593 | S54: 16752.6 | T54: 3.96 | U54: 0.23472222 | Z54: 131.592 | AA54: 859.76
A55: 8 | B55: 41 | D55: Metal Loss | E55: 148.828 | F55: 18.88 | G55: 17.236 | H55: 1.644 | I55: 8 | J55: 6 | K55: 0.27 | Q55: Internal | R55: 0.593 | S55: 16752.6 | T55: 3.96 | U55: 0.24305556 | Z55: 131.592 | AA55: 859.76
A56: 8 | B56: 42 | D56: Metal Loss | E56: 150.154 | F56: 18.88 | G56: 18.562 | H56: 0.318 | I56: 8 | J56: 10 | K56: 0.25 | Q56: Internal | R56: 0.592 | S56: 16766 | T56: 3.96 | U56: 0.24861111 | Z56: 131.592 | AA56: 859.76
A57: 9 | D57: Joint | E57: 150.472 | F57: 18.868 | T57: 3.96 | Z57: 150.472 | AA57: 840.88
A58: 9 | B58: 43 | D58: Metal Loss | E58: 155.314 | F58: 18.868 | G58: 4.842 | H58: 14.026 | I58: 4 | J58: 13 | K58: 0.32 | Q58: Internal | R58: 0.589 | S58: 16849.5 | T58: 3.96 | U58: 0.30069444 | Z58: 150.472 | AA58: 840.88
A59: 9 | B59: 44 | D59: Metal Loss | E59: 159.178 | F59: 18.868 | G59: 8.706 | H59: 10.162 | I59: 8 | J59: 8 | K59: 0.27 | Q59: Internal | R59: 0.593 | S59: 16752.6 | T59: 3.96 | U59: 0.29930556 | Z59: 150.472 | AA59: 840.88
A60: 9 | B60: 45 | D60: Metal Loss | E60: 160.592 | F60: 18.868 | G60: 10.12 | H60: 8.748 | I60: 10 | J60: 10 | K60: 0.24 | Q60: Internal | R60: 0.594 | S60: 16708.1 | T60: 3.96 | U60: 0.31111111 | Z60: 150.472 | AA60: 840.88
A61: 9 | B61: 46 | D61: Metal Loss | E61: 160.886 | F61: 18.868 | G61: 10.414 | H61: 8.454 | I61: 8 | J61: 10 | K61: 0.28 | Q61: Internal | R61: 0.593 | S61: 16745.6 | T61: 3.96 | U61: 0.29513889 | Z61: 150.472 | AA61: 840.88
A62: 9 | B62: 47 | D62: Metal Loss | E62: 162.202 | F62: 18.868 | G62: 11.73 | H62: 7.138 | I62: 4 | J62: 8 | K62: 0.35 | Q62: Internal | R62: 0.59 | S62: 16843.2 | T62: 3.96 | U62: 0.3 | Z62: 150.472 | AA62: 840.88
A63: 9 | B63: 48 | D63: Metal Loss | E63: 162.854 | F63: 18.868 | G63: 12.382 | H63: 6.486 | I63: 8 | J63: 10 | K63: 0.29 | Q63: Internal | R63: 0.593 | S63: 16738.6 | T63: 3.96 | U63: 0.30486111 | Z63: 150.472 | AA63: 840.88
A64: 9 | B64: 49 | D64: Metal Loss | E64: 162.994 | F64: 18.868 | G64: 12.522 | H64: 6.346 | I64: 10 | J64: 8 | K64: 0.32 | Q64: Internal | R64: 0.597 | S64: 16623.3 | T64: 3.96 | U64: 0.31736111 | Z64: 150.472 | AA64: 840.88
A65: 9 | B65: 50 | D65: Metal Loss | E65: 163.746 | F65: 18.868 | G65: 13.274 | H65: 5.594 | I65: 4 | J65: 10 | K65: 0.28 | Q65: Internal | R65: 0.589 | S65: 16857.1 | T65: 3.96 | U65: 0.28888889 | Z65: 150.472 | AA65: 840.88
A66: 9 | B66: 51 | D66: Metal Loss | E66: 164.126 | F66: 18.868 | G66: 13.654 | H66: 5.214 | I66: 4 | J66: 10 | K66: 0.39 | Q66: Internal | R66: 0.59 | S66: 16834.2 | T66: 3.96 | U66: 0.29791667 | Z66: 150.472 | AA66: 840.88
A67: 9 | B67: 52 | D67: Metal Loss | E67: 164.674 | F67: 18.868 | G67: 14.202 | H67: 4.666 | I67: 4 | J67: 7 | K67: 0.55 | Q67: Internal | R67: 0.592 | S67: 16786.6 | T67: 3.96 | U67: 0.25972222 | Z67: 150.472 | AA67: 840.88
A68: 9 | B68: 53 | D68: Metal Loss | E68: 165.084 | F68: 18.868 | G68: 14.612 | H68: 4.256 | I68: 8 | J68: 5 | K68: 0.26 | Q68: Internal | R68: 0.593 | S68: 16759.3 | T68: 3.96 | U68: 0.29861111 | Z68: 150.472 | AA68: 840.88
A69: 9 | B69: 54 | D69: Metal Loss | E69: 165.206 | F69: 18.868 | G69: 14.734 | H69: 4.134 | I69: 8 | J69: 6 | K69: 0.32 | Q69: Internal | R69: 0.594 | S69: 16716.4 | T69: 3.96 | U69: 0.30763889 | Z69: 150.472 | AA69: 840.88
A70: 9 | B70: 55 | D70: Metal Loss | E70: 167.176 | F70: 18.868 | G70: 16.704 | H70: 2.164 | I70: 4 | J70: 4 | K70: 0.44 | Q70: Internal | R70: 0.59 | S70: 16821.5 | T70: 3.96 | U70: 0.30833333 | Z70: 150.472 | AA70: 840.88
A71: 10 | D71: Joint | E71: 169.34 | F71: 18.678 | T71: 3.96 | Z71: 169.34 | AA71: 822.012
A72: 10 | B72: 56 | D72: Metal Loss | E72: 171.958 | F72: 18.678 | G72: 2.618 | H72: 16.06 | I72: 8 | J72: 10 | K72: 0.29 | Q72: Internal | R72: 0.593 | S72: 16738.6 | T72: 3.96 | U72: 0.14861111 | Z72: 169.34 | AA72: 822.012
A73: 11 | D73: Joint | E73: 188.018 | F73: 18.868 | T73: 3.96 | Z73: 188.018 | AA73: 803.334
A74: 12 | D74: Joint | E74: 206.886 | F74: 18.854 | T74: 3.96 | Z74: 206.886 | AA74: 784.466
A75: 13 | D75: Joint | E75: 225.74 | F75: 18.866 | T75: 3.96 | Z75: 225.74 | AA75: 765.612
A76: 14 | D76: Joint | E76: 244.606 | F76: 18.862 | T76: 3.96 | Z76: 244.606 | AA76: 746.746
A77: 15 | D77: Joint | E77: 263.468 | F77: 18.874 | T77: 3.96 | Z77: 263.468 | AA77: 727.884
A78: 16 | D78: Joint | E78: 282.342 | F78: 18.878 | T78: 3.96 | Z78: 282.342 | AA78: 709.01
A79: 17 | D79: Joint | E79: 301.22 | F79: 18.868 | T79: 3.96 | Z79: 301.22 | AA79: 690.132
A80: 18 | D80: Joint | E80: 320.088 | F80: 18.886 | T80: 3.96 | Z80: 320.088 | AA80: 671.264
A81: 19 | D81: Joint | E81: 338.974 | F81: 18.852 | T81: 3.96 | Z81: 338.974 | AA81: 652.378
A82: 20 | D82: Joint | E82: 357.826 | F82: 18.878 | T82: 3.96 | Z82: 357.826 | AA82: 633.526
A83: 21 | D83: Joint | E83: 376.704 | F83: 18.874 | T83: 3.96 | Z83: 376.704 | AA83: 614.648
A84: 22 | D84: Joint | E84: 395.578 | F84: 18.872 | T84: 3.96 | Z84: 395.578 | AA84: 595.774
A85: 23 | D85: Joint | E85: 414.45 | F85: 18.882 | T85: 3.96 | Z85: 414.45 | AA85: 576.902
A86: 23 | B86: 57 | D86: Metal Loss | E86: 425.036 | F86: 18.882 | G86: 10.586 | H86: 8.296 | I86: 4 | J86: 13 | K86: 0.31 | Q86: Internal | R86: 0.589 | S86: 16851.5 | T86: 3.96 | U86: 0.25972222 | Z86: 414.45 | AA86: 576.902
A87: 23 | B87: 58 | D87: Metal Loss | E87: 425.944 | F87: 18.882 | G87: 11.494 | H87: 7.388 | I87: 8 | J87: 10 | K87: 0.32 | Q87: Internal | R87: 0.594 | S87: 16716.4 | T87: 3.96 | U87: 0.19722222 | Z87: 414.45 | AA87: 576.902
A88: 23 | B88: 59 | D88: Metal Loss | E88: 426.086 | F88: 18.882 | G88: 11.636 | H88: 7.246 | I88: 8 | J88: 10 | K88: 0.29 | Q88: Internal | R88: 0.593 | S88: 16738.6 | T88: 3.96 | U88: 0.19722222 | Z88: 414.45 | AA88: 576.902
A89: 23 | B89: 60 | D89: Metal Loss | E89: 428.91 | F89: 18.882 | G89: 14.46 | H89: 4.422 | I89: 14 | J89: 8 | K89: 0.32 | Q89: Internal | R89: 0.606 | S89: 16399.6 | T89: 3.96 | U89: 0.12569444 | Z89: 414.45 | AA89: 576.902
A90: 23 | B90: 61 | D90: Metal Loss | E90: 432.112 | F90: 18.882 | G90: 17.662 | H90: 1.22 | I90: 4 | J90: 8 | K90: 0.44 | Q90: Internal | R90: 0.59 | S90: 16821.5 | T90: 3.96 | U90: 0.11597222 | Z90: 414.45 | AA90: 576.902
A91: 24 | D91: Joint | E91: 433.332 | F91: 18.856 | T91: 3.96 | Z91: 433.332 | AA91: 558.02
A92: 24 | B92: 62 | D92: Metal Loss | E92: 436.912 | F92: 18.856 | G92: 3.58 | H92: 15.276 | I92: 8 | J92: 6 | K92: 0.29 | Q92: Internal | R92: 0.593 | S92: 16738.6 | T92: 3.96 | U92: 0.36319444 | Z92: 433.332 | AA92: 558.02
A93: 24 | B93: 63 | D93: Metal Loss | E93: 437.384 | F93: 18.856 | G93: 4.052 | H93: 14.804 | I93: 8 | J93: 6 | K93: 0.34 | Q93: Internal | R93: 0.595 | S93: 16700.7 | T93: 3.96 | U93: 0.35416667 | Z93: 433.332 | AA93: 558.02
A94: 24 | B94: 64 | D94: Metal Loss | E94: 442.928 | F94: 18.856 | G94: 9.596 | H94: 9.26 | I94: 8 | J94: 10 | K94: 0.42 | Q94: Internal | R94: 0.597 | S94: 16630.3 | T94: 3.96 | U94: 0.18055556 | Z94: 433.332 | AA94: 558.02
A95: 24 | B95: 65 | D95: Metal Loss | E95: 444.074 | F95: 18.856 | G95: 10.742 | H95: 8.114 | I95: 8 | J95: 10 | K95: 0.43 | Q95: Internal | R95: 0.597 | S95: 16620.4 | T95: 3.96 | U95: 0.33958333 | Z95: 433.332 | AA95: 558.02
A96: 25 | D96: Joint | E96: 452.188 | F96: 18.88 | T96: 3.96 | Z96: 452.188 | AA96: 539.164
A97: 26 | D97: Joint | E97: 471.068 | F97: 18.882 | T97: 3.96 | Z97: 471.068 | AA97: 520.284
A98: 27 | D98: Joint | E98: 489.95 | F98: 18.86 | T98: 3.96 | Z98: 489.95 | AA98: 501.402
A99: 28 | D99: Joint | E99: 508.81 | F99: 18.876 | T99: 3.96 | Z99: 508.81 | AA99: 482.542
A100: 29 | D100: Joint | E100: 527.686 | F100: 18.856 | T100: 3.96 | Z100: 527.686 | AA100: 463.666
...

Sheet Charts-3-26 to 2-26
B2: =Header!C8 -> 3-26-68-25W5 to 2-26-68-25W5

Sheet Verifications-3-26 to 2-26
A1: Verifications
A2: Project No: | C2: 180729-RL-T6A-B | H2: Client: | I2: ARC Resources
A3: Pipeline Name: | C3: 4-35-68-25W5 to 2-26-68-25W5 | H3: Location: | I3: Valleyview AB / Ante Creek | AJ3: Imported: | AK3: P:\Data\ARC Resources\2018\Valleyview\180729-RL-T6A- 3-26 to 4-35 (28312-6)\180729-RL-T6A-B - 3-26 to 2-26\Documents\Re-Grade\180729-RL-T6A-B_PipelineListing.csv
A4: Run Date: | C4: 43310 | H4: Pipeline Segment: | I4: 3-26-68-25W5 to 2-26-68-25W5_Lic_28312-6 | AD4: Features: | AE4: 109
AD5: Joints: | AE5: 54
A6: Joint Number | B6: Feature Number | C6: Cluster Number | D6: Feature Type | E6: Distance (m) | F6: Joint Length (m) | G6: Dist to US Girth Weld (m) | H6: Dist to DS Girth Weld (m) | I6: Length (mm) | J6: Width (mm) | K6: Depth (%) | L6: Depth Measured (%) | M6: Depth Measured (mm) | N6: Difference Pred.-Meas. (%) | O6: Length Measured (mm) | P6: Width Measured (mm) | Q6: Previous Depth (%) | R6: Depth Diff (%) | S6: Previous Distance (m) | T6: Previous Joint Number | U6: Previous Joint Distance (m) | V6: Int/Ext | W6: Estimated Repair Factor (ERF) | X6: Burst Pressure (kPa) | Y6: Wall Thick (mm) | Z6: Clock Position (hrs:min) | AA6: % of OD Restriction | AB6: Latitude (Dec Deg.) | AC6: Longitude (Dec Deg.) | AD6: Elevation (m) | AE6: US Girth Weld to US Marker (m) | AF6: US Girth Weld to DS Marker (m) | AG6: Notes
A7: 1 | D7: Joint | E7: 0 | F7: 18.252 | Y7: 3.96 | AE7: 0 | AF7: 991.352
A8: 1 | B8: 1 | D8: Flange | E8: 0 | F8: 18.252 | G8: 0 | H8: 18.252 | Y8: 3.96 | AB8: 54.911573 | AC8: 117.70589 | AD8: 0 | AE8: 0 | AF8: 991.352 | AG8: Launch at 3-26 to 2-26
A9: 1 | B9: 2 | D9: Other Installation | E9: 2.112 | F9: 18.252 | G9: 2.112 | H9: 16.14 | Y9: 3.96 | AE9: 0 | AF9: 991.352 | AG9: Temporary Magnet at 12:00
A10: 1 | B10: 3 | D10: Metal Loss | E10: 16.274 | F10: 18.252 | G10: 16.274 | H10: 1.978 | I10: 8 | J10: 13 | K10: 0.27 | V10: Internal | W10: 0.593 | X10: 16752.6 | Y10: 3.96 | Z10: 0.25694444 | AE10: 0 | AF10: 991.352
A11: 1 | B11: 4 | D11: Metal Loss | E11: 16.434 | F11: 18.252 | G11: 16.434 | H11: 1.818 | I11: 16 | J11: 10 | K11: 0.32 | V11: Internal | W11: 0.61 | X11: 16275.1 | Y11: 3.96 | Z11: 0.24444444 | AE11: 0 | AF11: 991.352
A12: 1 | B12: 5 | D12: Metal Loss | E12: 16.606 | F12: 18.252 | G12: 16.606 | H12: 1.646 | I12: 12 | J12: 10 | K12: 0.39 | V12: Internal | W12: 0.606 | X12: 16396.1 | Y12: 3.96 | Z12: 0.24444444 | AE12: 0 | AF12: 991.352
A13: 2 | D13: Joint | E13: 18.252 | F13: 18.866 | Y13: 3.96 | AE13: 18.252 | AF13: 973.1
A14: 2 | B14: 6 | D14: Metal Loss | E14: 18.576 | F14: 18.866 | G14: 0.324 | H14: 18.542 | I14: 4 | J14: 15 | K14: 0.51 | V14: Internal | W14: 0.591 | X14: 16800.6 | Y14: 3.96 | Z14: 0.24305556 | AE14: 18.252 | AF14: 973.1
A15: 2 | B15: 7 | D15: Metal Loss | E15: 18.866 | F15: 18.866 | G15: 0.614 | H15: 18.252 | I15: 10 | J15: 8 | K15: 0.29 | V15: Internal | W15: 0.596 | X15: 16656.8 | Y15: 3.96 | Z15: 0.24652778 | AE15: 18.252 | AF15: 973.1
A16: 2 | B16: 8 | D16: Metal Loss | E16: 18.952 | F16: 18.866 | G16: 0.7 | H16: 18.166 | I16: 8 | J16: 10 | K16: 0.27 | V16: Internal | W16: 0.593 | X16: 16752.6 | Y16: 3.96 | Z16: 0.25069444 | AE16: 18.252 | AF16: 973.1
A17: 2 | B17: 9 | D17: Metal Loss | E17: 18.986 | F17: 18.866 | G17: 0.734 | H17: 18.132 | I17: 20 | J17: 13 | K17: 0.35 | V17: Internal | W17: 0.624 | X17: 15904.1 | Y17: 3.96 | Z17: 0.24652778 | AE17: 18.252 | AF17: 973.1
A18: 3 | D18: Joint | E18: 37.118 | F18: 19.042 | Y18: 3.96 | AE18: 37.118 | AF18: 954.234
A19: 3 | B19: 10 | D19: Metal Loss | E19: 39.358 | F19: 19.042 | G19: 2.24 | H19: 16.802 | I19: 4 | J19: 15 | K19: 0.52 | V19: Internal | W19: 0.591 | X19: 16797.3 | Y19: 3.96 | Z19: 0.24861111 | AE19: 37.118 | AF19: 954.234
A20: 3 | B20: 11 | D20: Metal Loss | E20: 53.942 | F20: 19.042 | G20: 16.824 | H20: 2.218 | I20: 10 | J20: 6 | K20: 0.31 | V20: Internal | W20: 0.597 | X20: 16634.7 | Y20: 3.96 | Z20: 0.23333333 | AE20: 37.118 | AF20: 954.234
A21: 3 | B21: 12 | D21: Metal Loss | E21: 53.97 | F21: 19.042 | G21: 16.852 | H21: 2.19 | I21: 10 | J21: 9 | K21: 0.34 | V21: Internal | W21: 0.598 | X21: 16599.7 | Y21: 3.96 | Z21: 0.23888889 | AE21: 37.118 | AF21: 954.234
A22: 4 | D22: Joint | E22: 56.16 | F22: 18.858 | Y22: 3.96 | AE22: 56.16 | AF22: 935.192
A23: 4 | B23: 13 | D23: Metal Loss | E23: 68.67 | F23: 18.858 | G23: 12.51 | H23: 6.348 | I23: 10 | J23: 8 | K23: 0.28 | V23: Internal | W23: 0.596 | X23: 16667.5 | Y23: 3.96 | Z23: 0.20763889 | AE23: 56.16 | AF23: 935.192
A24: 5 | D24: Joint | E24: 75.018 | F24: 18.866 | Y24: 3.96 | AE24: 75.018 | AF24: 916.334
A25: 6 | D25: Joint | E25: 93.884 | F25: 18.844 | Y25: 3.96 | AE25: 93.884 | AF25: 897.468
A26: 6 | B26: 14 | D26: Metal Loss | E26: 94.078 | F26: 18.844 | G26: 0.194 | H26: 18.65 | I26: 10 | J26: 6 | K26: 0.39 | V26: Internal | W26: 0.601 | X26: 16535.9 | Y26: 3.96 | Z26: 0.19097222 | AE26: 93.884 | AF26: 897.468
A27: 6 | B27: 15 | D27: Metal Loss | E27: 95.366 | F27: 18.844 | G27: 1.482 | H27: 17.362 | I27: 8 | J27: 10 | K27: 0.34 | V27: Internal | W27: 0.595 | X27: 16700.7 | Y27: 3.96 | Z27: 0.18888889 | AE27: 93.884 | AF27: 897.468
A28: 6 | B28: 16 | D28: Metal Loss | E28: 97.316 | F28: 18.844 | G28: 3.432 | H28: 15.412 | I28: 10 | J28: 15 | K28: 0.32 | V28: Internal | W28: 0.597 | X28: 16623.3 | Y28: 3.96 | Z28: 0.25486111 | AE28: 93.884 | AF28: 897.468
A29: 6 | B29: 17 | D29: Metal Loss | E29: 97.37 | F29: 18.844 | G29: 3.486 | H29: 15.358 | I29: 8 | J29: 10 | K29: 0.32 | V29: Internal | W29: 0.594 | X29: 16716.4 | Y29: 3.96 | Z29: 0.25486111 | AE29: 93.884 | AF29: 897.468
A30: 6 | B30: 18 | D30: Metal Loss | E30: 98.986 | F30: 18.844 | G30: 5.102 | H30: 13.742 | I30: 4 | J30: 6 | K30: 0.66 | V30: Internal | W30: 0.593 | X30: 16737.1 | Y30: 3.96 | Z30: 0.18333333 | AE30: 93.884 | AF30: 897.468
A31: 6 | B31: 19 | D31: Metal Loss | E31: 99.022 | F31: 18.844 | G31: 5.138 | H31: 13.706 | I31: 10 | J31: 10 | K31: 0.38 | V31: Internal | W31: 0.6 | X31: 16549.3 | Y31: 3.96 | Z31: 0.20555556 | AE31: 93.884 | AF31: 897.468
A32: 6 | B32: 20 | D32: Metal Loss | E32: 102.644 | F32: 18.844 | G32: 8.76 | H32: 10.084 | I32: 10 | J32: 13 | K32: 0.42 | V32: Internal | W32: 0.602 | X32: 16493.8 | Y32: 3.96 | Z32: 0.20972222 | AE32: 93.884 | AF32: 897.468
A33: 6 | B33: 21 | D33: Metal Loss | E33: 110.28 | F33: 18.844 | G33: 16.396 | H33: 2.448 | I33: 4 | J33: 8 | K33: 0.35 | V33: Internal | W33: 0.59 | X33: 16843.2 | Y33: 3.96 | Z33: 0.19513889 | AE33: 93.884 | AF33: 897.468
A34: 6 | B34: 22 | D34: Metal Loss | E34: 110.44 | F34: 18.844 | G34: 16.556 | H34: 2.288 | I34: 8 | J34: 10 | K34: 0.29 | V34: Internal | W34: 0.593 | X34: 16738.6 | Y34: 3.96 | Z34: 0.24097222 | AE34: 93.884 | AF34: 897.468
A35: 7 | D35: Joint | E35: 112.728 | F35: 18.864 | Y35: 3.96 | AE35: 112.728 | AF35: 878.624
A36: 7 | B36: 23 | D36: Metal Loss | E36: 121.742 | F36: 18.864 | G36: 9.014 | H36: 9.85 | I36: 8 | J36: 8 | K36: 0.39 | V36: Internal | W36: 0.596 | X36: 16658.3 | Y36: 3.96 | Z36: 0.25416667 | AE36: 112.728 | AF36: 878.624
A37: 8 | D37: Joint | E37: 131.592 | F37: 18.88 | Y37: 3.96 | AE37: 131.592 | AF37: 859.76
A38: 8 | B38: 24 | D38: Metal Loss | E38: 131.764 | F38: 18.88 | G38: 0.172 | H38: 18.708 | I38: 4 | J38: 6 | K38: 0.37 | V38: Internal | W38: 0.59 | X38: 16838.8 | Y38: 3.96 | Z38: 0.24305556 | AE38: 131.592 | AF38: 859.76
A39: 8 | B39: 25 | D39: Metal Loss | E39: 140.364 | F39: 18.88 | G39: 8.772 | H39: 10.108 | I39: 8 | J39: 6 | K39: 0.36 | V39: Internal | W39: 0.595 | X39: 16684.4 | Y39: 3.96 | Z39: 0.24444444 | AE39: 131.592 | AF39: 859.76
A40: 8 | B40: 26 | D40: Metal Loss | E40: 142.238 | F40: 18.88 | G40: 10.646 | H40: 8.234 | I40: 8 | J40: 6 | K40: 0.27 | V40: Internal | W40: 0.593 | X40: 16752.6 | Y40: 3.96 | Z40: 0.23680556 | AE40: 131.592 | AF40: 859.76
A41: 8 | B41: 27 | D41: Metal Loss | E41: 143.008 | F41: 18.88 | G41: 11.416 | H41: 7.464 | I41: 8 | J41: 8 | K41: 0.37 | V41: Internal | W41: 0.595 | X41: 16675.9 | Y41: 3.96 | Z41: 0.24097222 | AE41: 131.592 | AF41: 859.76
A42: 8 | B42: 28 | D42: Metal Loss | E42: 144.494 | F42: 18.88 | G42: 12.902 | H42: 5.978 | I42: 8 | J42: 7 | K42: 0.34 | V42: Internal | W42: 0.595 | X42: 16700.7 | Y42: 3.96 | Z42: 0.23541667 | AE42: 131.592 | AF42: 859.76
A43: 8 | B43: 29 | D43: Metal Loss | E43: 145.278 | F43: 18.88 | G43: 13.686 | H43: 5.194 | I43: 10 | J43: 8 | K43: 0.28 | V43: Internal | W43: 0.596 | X43: 16667.5 | Y43: 3.96 | Z43: 0.23541667 | AE43: 131.592 | AF43: 859.76
A44: 8 | B44: 30 | D44: Metal Loss | E44: 146.01 | F44: 18.88 | G44: 14.418 | H44: 4.462 | I44: 8 | J44: 13 | K44: 0.24 | V44: Internal | W44: 0.592 | X44: 16772.5 | Y44: 3.96 | Z44: 0.26736111 | AE44: 131.592 | AF44: 859.76
A45: 8 | B45: 31 | D45: Metal Loss | E45: 146.252 | F45: 18.88 | G45: 14.66 | H45: 4.22 | I45: 8 | J45: 10 | K45: 0.29 | V45: Internal | W45: 0.593 | X45: 16738.6 | Y45: 3.96 | Z45: 0.24652778 | AE45: 131.592 | AF45: 859.76
A46: 8 | B46: 32 | D46: Metal Loss | E46: 146.826 | F46: 18.88 | G46: 15.234 | H46: 3.646 | I46: 4 | J46: 8 | K46: 0.59 | V46: Internal | W46: 0.592 | X46: 16770.7 | Y46: 3.96 | Z46: 0.24930556 | AE46: 131.592 | AF46: 859.76
A47: 8 | B47: 33 | D47: Metal Loss | E47: 147.276 | F47: 18.88 | G47: 15.684 | H47: 3.196 | I47: 4 | J47: 8 | K47: 0.14 | V47: Internal | W47: 0.588 | X47: 16879.4 | Y47: 3.96 | Z47: 0.24930556 | AE47: 131.592 | AF47: 859.76
A48: 8 | B48: 34 | D48: Metal Loss | E48: 147.342 | F48: 18.88 | G48: 15.75 | H48: 3.13 | I48: 4 | J48: 10 | K48: 0.14 | V48: Internal | W48: 0.588 | X48: 16879.4 | Y48: 3.96 | Z48: 0.24513889 | AE48: 131.592 | AF48: 859.76
A49: 8 | B49: 35 | C49: 36 | D49: Metal Loss | E49: 147.632 | F49: 18.88 | G49: 16.04 | H49: 2.84 | I49: 8 | J49: 8 | K49: 0.25 | V49: Internal | W49: 0.592 | X49: 16766 | Y49: 3.96 | Z49: 0.25625 | AE49: 131.592 | AF49: 859.76
A50: 8 | B50: 36 | D50: Cluster | E50: 147.64 | F50: 18.88 | G50: 16.048 | H50: 2.832 | I50: 24 | J50: 8.03125 | K50: 0.37 | V50: Internal | W50: 0.64 | X50: 15514.6 | Y50: 3.96 | Z50: 0.25625 | AE50: 131.592 | AF50: 859.76
A51: 8 | B51: 37 | C51: 36 | D51: Metal Loss | E51: 147.648 | F51: 18.88 | G51: 16.056 | H51: 2.824 | I51: 8 | J51: 8 | K51: 0.37 | V51: Internal | W51: 0.595 | X51: 16675.9 | Y51: 3.96 | Z51: 0.25625 | AE51: 131.592 | AF51: 859.76
A52: 8 | B52: 38 | D52: Metal Loss | E52: 147.754 | F52: 18.88 | G52: 16.162 | H52: 2.718 | I52: 8 | J52: 8 | K52: 0.13 | V52: Internal | W52: 0.59 | X52: 16836.1 | Y52: 3.96 | Z52: 0.23958333 | AE52: 131.592 | AF52: 859.76
A53: 8 | B53: 39 | D53: Metal Loss | E53: 147.928 | F53: 18.88 | G53: 16.336 | H53: 2.544 | I53: 4 | J53: 8 | K53: 0.37 | V53: Internal | W53: 0.59 | X53: 16838.8 | Y53: 3.96 | Z53: 0.26458333 | AE53: 131.592 | AF53: 859.76
A54: 8 | B54: 40 | D54: Metal Loss | E54: 148.018 | F54: 18.88 | G54: 16.426 | H54: 2.454 | I54: 8 | J54: 5 | K54: 0.27 | V54: Internal | W54: 0.593 | X54: 16752.6 | Y54: 3.96 | Z54: 0.23472222 | AE54: 131.592 | AF54: 859.76
A55: 8 | B55: 41 | D55: Metal Loss | E55: 148.828 | F55: 18.88 | G55: 17.236 | H55: 1.644 | I55: 8 | J55: 6 | K55: 0.27 | V55: Internal | W55: 0.593 | X55: 16752.6 | Y55: 3.96 | Z55: 0.24305556 | AE55: 131.592 | AF55: 859.76
A56: 8 | B56: 42 | D56: Metal Loss | E56: 150.154 | F56: 18.88 | G56: 18.562 | H56: 0.318 | I56: 8 | J56: 10 | K56: 0.25 | V56: Internal | W56: 0.592 | X56: 16766 | Y56: 3.96 | Z56: 0.24861111 | AE56: 131.592 | AF56: 859.76
A57: 9 | D57: Joint | E57: 150.472 | F57: 18.868 | Y57: 3.96 | AE57: 150.472 | AF57: 840.88
A58: 9 | B58: 43 | D58: Metal Loss | E58: 155.314 | F58: 18.868 | G58: 4.842 | H58: 14.026 | I58: 4 | J58: 13 | K58: 0.32 | V58: Internal | W58: 0.589 | X58: 16849.5 | Y58: 3.96 | Z58: 0.30069444 | AE58: 150.472 | AF58: 840.88
A59: 9 | B59: 44 | D59: Metal Loss | E59: 159.178 | F59: 18.868 | G59: 8.706 | H59: 10.162 | I59: 8 | J59: 8 | K59: 0.27 | V59: Internal | W59: 0.593 | X59: 16752.6 | Y59: 3.96 | Z59: 0.29930556 | AE59: 150.472 | AF59: 840.88
A60: 9 | B60: 45 | D60: Metal Loss | E60: 160.592 | F60: 18.868 | G60: 10.12 | H60: 8.748 | I60: 10 | J60: 10 | K60: 0.24 | V60: Internal | W60: 0.594 | X60: 16708.1 | Y60: 3.96 | Z60: 0.31111111 | AE60: 150.472 | AF60: 840.88
A61: 9 | B61: 46 | D61: Metal Loss | E61: 160.886 | F61: 18.868 | G61: 10.414 | H61: 8.454 | I61: 8 | J61: 10 | K61: 0.28 | V61: Internal | W61: 0.593 | X61: 16745.6 | Y61: 3.96 | Z61: 0.29513889 | AE61: 150.472 | AF61: 840.88
A62: 9 | B62: 47 | D62: Metal Loss | E62: 162.202 | F62: 18.868 | G62: 11.73 | H62: 7.138 | I62: 4 | J62: 8 | K62: 0.35 | V62: Internal | W62: 0.59 | X62: 16843.2 | Y62: 3.96 | Z62: 0.3 | AE62: 150.472 | AF62: 840.88
A63: 9 | B63: 48 | D63: Metal Loss | E63: 162.854 | F63: 18.868 | G63: 12.382 | H63: 6.486 | I63: 8 | J63: 10 | K63: 0.29 | V63: Internal | W63: 0.593 | X63: 16738.6 | Y63: 3.96 | Z63: 0.30486111 | AE63: 150.472 | AF63: 840.88
A64: 9 | B64: 49 | D64: Metal Loss | E64: 162.994 | F64: 18.868 | G64: 12.522 | H64: 6.346 | I64: 10 | J64: 8 | K64: 0.32 | V64: Internal | W64: 0.597 | X64: 16623.3 | Y64: 3.96 | Z64: 0.31736111 | AE64: 150.472 | AF64: 840.88
A65: 9 | B65: 50 | D65: Metal Loss | E65: 163.746 | F65: 18.868 | G65: 13.274 | H65: 5.594 | I65: 4 | J65: 10 | K65: 0.28 | V65: Internal | W65: 0.589 | X65: 16857.1 | Y65: 3.96 | Z65: 0.28888889 | AE65: 150.472 | AF65: 840.88
A66: 9 | B66: 51 | D66: Metal Loss | E66: 164.126 | F66: 18.868 | G66: 13.654 | H66: 5.214 | I66: 4 | J66: 10 | K66: 0.39 | V66: Internal | W66: 0.59 | X66: 16834.2 | Y66: 3.96 | Z66: 0.29791667 | AE66: 150.472 | AF66: 840.88
A67: 9 | B67: 52 | D67: Metal Loss | E67: 164.674 | F67: 18.868 | G67: 14.202 | H67: 4.666 | I67: 4 | J67: 7 | K67: 0.55 | V67: Internal | W67: 0.592 | X67: 16786.6 | Y67: 3.96 | Z67: 0.25972222 | AE67: 150.472 | AF67: 840.88
A68: 9 | B68: 53 | D68: Metal Loss | E68: 165.084 | F68: 18.868 | G68: 14.612 | H68: 4.256 | I68: 8 | J68: 5 | K68: 0.26 | V68: Internal | W68: 0.593 | X68: 16759.3 | Y68: 3.96 | Z68: 0.29861111 | AE68: 150.472 | AF68: 840.88
A69: 9 | B69: 54 | D69: Metal Loss | E69: 165.206 | F69: 18.868 | G69: 14.734 | H69: 4.134 | I69: 8 | J69: 6 | K69: 0.32 | V69: Internal | W69: 0.594 | X69: 16716.4 | Y69: 3.96 | Z69: 0.30763889 | AE69: 150.472 | AF69: 840.88
A70: 9 | B70: 55 | D70: Metal Loss | E70: 167.176 | F70: 18.868 | G70: 16.704 | H70: 2.164 | I70: 4 | J70: 4 | K70: 0.44 | V70: Internal | W70: 0.59 | X70: 16821.5 | Y70: 3.96 | Z70: 0.30833333 | AE70: 150.472 | AF70: 840.88
A71: 10 | D71: Joint | E71: 169.34 | F71: 18.678 | Y71: 3.96 | AE71: 169.34 | AF71: 822.012
A72: 10 | B72: 56 | D72: Metal Loss | E72: 171.958 | F72: 18.678 | G72: 2.618 | H72: 16.06 | I72: 8 | J72: 10 | K72: 0.29 | V72: Internal | W72: 0.593 | X72: 16738.6 | Y72: 3.96 | Z72: 0.14861111 | AE72: 169.34 | AF72: 822.012
A73: 11 | D73: Joint | E73: 188.018 | F73: 18.868 | Y73: 3.96 | AE73: 188.018 | AF73: 803.334
A74: 12 | D74: Joint | E74: 206.886 | F74: 18.854 | Y74: 3.96 | AE74: 206.886 | AF74: 784.466
A75: 13 | D75: Joint | E75: 225.74 | F75: 18.866 | Y75: 3.96 | AE75: 225.74 | AF75: 765.612
A76: 14 | D76: Joint | E76: 244.606 | F76: 18.862 | Y76: 3.96 | AE76: 244.606 | AF76: 746.746
A77: 15 | D77: Joint | E77: 263.468 | F77: 18.874 | Y77: 3.96 | AE77: 263.468 | AF77: 727.884
A78: 16 | D78: Joint | E78: 282.342 | F78: 18.878 | Y78: 3.96 | AE78: 282.342 | AF78: 709.01
A79: 17 | D79: Joint | E79: 301.22 | F79: 18.868 | Y79: 3.96 | AE79: 301.22 | AF79: 690.132
A80: 18 | D80: Joint | E80: 320.088 | F80: 18.886 | Y80: 3.96 | AE80: 320.088 | AF80: 671.264
A81: 19 | D81: Joint | E81: 338.974 | F81: 18.852 | Y81: 3.96 | AE81: 338.974 | AF81: 652.378
A82: 20 | D82: Joint | E82: 357.826 | F82: 18.878 | Y82: 3.96 | AE82: 357.826 | AF82: 633.526
A83: 21 | D83: Joint | E83: 376.704 | F83: 18.874 | Y83: 3.96 | AE83: 376.704 | AF83: 614.648
A84: 22 | D84: Joint | E84: 395.578 | F84: 18.872 | Y84: 3.96 | AE84: 395.578 | AF84: 595.774
A85: 23 | D85: Joint | E85: 414.45 | F85: 18.882 | Y85: 3.96 | AE85: 414.45 | AF85: 576.902
A86: 23 | B86: 57 | D86: Metal Loss | E86: 425.036 | F86: 18.882 | G86: 10.586 | H86: 8.296 | I86: 4 | J86: 13 | K86: 0.31 | V86: Internal | W86: 0.589 | X86: 16851.5 | Y86: 3.96 | Z86: 0.25972222 | AE86: 414.45 | AF86: 576.902
A87: 23 | B87: 58 | D87: Metal Loss | E87: 425.944 | F87: 18.882 | G87: 11.494 | H87: 7.388 | I87: 8 | J87: 10 | K87: 0.32 | V87: Internal | W87: 0.594 | X87: 16716.4 | Y87: 3.96 | Z87: 0.19722222 | AE87: 414.45 | AF87: 576.902
A88: 23 | B88: 59 | D88: Metal Loss | E88: 426.086 | F88: 18.882 | G88: 11.636 | H88: 7.246 | I88: 8 | J88: 10 | K88: 0.29 | V88: Internal | W88: 0.593 | X88: 16738.6 | Y88: 3.96 | Z88: 0.19722222 | AE88: 414.45 | AF88: 576.902
A89: 23 | B89: 60 | D89: Metal Loss | E89: 428.91 | F89: 18.882 | G89: 14.46 | H89: 4.422 | I89: 14 | J89: 8 | K89: 0.32 | V89: Internal | W89: 0.606 | X89: 16399.6 | Y89: 3.96 | Z89: 0.12569444 | AE89: 414.45 | AF89: 576.902
A90: 23 | B90: 61 | D90: Metal Loss | E90: 432.112 | F90: 18.882 | G90: 17.662 | H90: 1.22 | I90: 4 | J90: 8 | K90: 0.44 | V90: Internal | W90: 0.59 | X90: 16821.5 | Y90: 3.96 | Z90: 0.11597222 | AE90: 414.45 | AF90: 576.902
A91: 24 | D91: Joint | E91: 433.332 | F91: 18.856 | Y91: 3.96 | AE91: 433.332 | AF91: 558.02
A92: 24 | B92: 62 | D92: Metal Loss | E92: 436.912 | F92: 18.856 | G92: 3.58 | H92: 15.276 | I92: 8 | J92: 6 | K92: 0.29 | V92: Internal | W92: 0.593 | X92: 16738.6 | Y92: 3.96 | Z92: 0.36319444 | AE92: 433.332 | AF92: 558.02
A93: 24 | B93: 63 | D93: Metal Loss | E93: 437.384 | F93: 18.856 | G93: 4.052 | H93: 14.804 | I93: 8 | J93: 6 | K93: 0.34 | V93: Internal | W93: 0.595 | X93: 16700.7 | Y93: 3.96 | Z93: 0.35416667 | AE93: 433.332 | AF93: 558.02
A94: 24 | B94: 64 | D94: Metal Loss | E94: 442.928 | F94: 18.856 | G94: 9.596 | H94: 9.26 | I94: 8 | J94: 10 | K94: 0.42 | V94: Internal | W94: 0.597 | X94: 16630.3 | Y94: 3.96 | Z94: 0.18055556 | AE94: 433.332 | AF94: 558.02
A95: 24 | B95: 65 | D95: Metal Loss | E95: 444.074 | F95: 18.856 | G95: 10.742 | H95: 8.114 | I95: 8 | J95: 10 | K95: 0.43 | V95: Internal | W95: 0.597 | X95: 16620.4 | Y95: 3.96 | Z95: 0.33958333 | AE95: 433.332 | AF95: 558.02
A96: 25 | D96: Joint | E96: 452.188 | F96: 18.88 | Y96: 3.96 | AE96: 452.188 | AF96: 539.164
A97: 26 | D97: Joint | E97: 471.068 | F97: 18.882 | Y97: 3.96 | AE97: 471.068 | AF97: 520.284
A98: 27 | D98: Joint | E98: 489.95 | F98: 18.86 | Y98: 3.96 | AE98: 489.95 | AF98: 501.402
A99: 28 | D99: Joint | E99: 508.81 | F99: 18.876 | Y99: 3.96 | AE99: 508.81 | AF99: 482.542
A100: 29 | D100: Joint | E100: 527.686 | F100: 18.856 | Y100: 3.96 | AE100: 527.686 | AF100: 463.666
...

Sheet ML v Elevation
B2: =Header!C7 -> 3-26-68-25W5 to 4-35-68-25W5 | O2: =Header!C8 -> 3-26-68-25W5 to 2-26-68-25W5

Sheet Google Earth Elevation Profile
B2: =Header!C7 -> 3-26-68-25W5 to 4-35-68-25W5 | Q2: =Header!C8 -> 3-26-68-25W5 to 2-26-68-25W5

Sheet Google Earth Map 
